subject,theory,model,explo_overlap,trial,labelled,looking_time
0,LaF,BPN,0,0,no_label,30
0,LaF,BPN,0,0,label,30
0,LaF,BPN,0,1,no_label,30
0,LaF,BPN,0,1,label,30
0,LaF,BPN,0,2,no_label,30
0,LaF,BPN,0,2,label,30
0,LaF,BPN,0,3,no_label,30
0,LaF,BPN,0,3,label,27
0,LaF,BPN,0,4,no_label,28
0,LaF,BPN,0,4,label,25
0,LaF,BPN,0,5,no_label,25
0,LaF,BPN,0,5,label,22
0,LaF,BPN,0,6,no_label,22
0,LaF,BPN,0,6,label,19
0,LaF,BPN,0,7,no_label,19
0,LaF,BPN,0,7,label,16
1,LaF,DMN,0,0,no_label,30
1,LaF,DMN,0,0,label,30
1,LaF,DMN,0,1,no_label,30
1,LaF,DMN,0,1,label,30
1,LaF,DMN,0,2,no_label,30
1,LaF,DMN,0,2,label,30
1,LaF,DMN,0,3,no_label,30
1,LaF,DMN,0,3,label,30
1,LaF,DMN,0,4,no_label,28
1,LaF,DMN,0,4,label,30
1,LaF,DMN,0,5,no_label,25
1,LaF,DMN,0,5,label,27
1,LaF,DMN,0,6,no_label,21
1,LaF,DMN,0,6,label,23
1,LaF,DMN,0,7,no_label,18
1,LaF,DMN,0,7,label,19
2,CR,BPN,0,0,no_label,30
2,CR,BPN,0,0,label,30
2,CR,BPN,0,1,no_label,30
2,CR,BPN,0,1,label,30
2,CR,BPN,0,2,no_label,30
2,CR,BPN,0,2,label,28
2,CR,BPN,0,3,no_label,30
2,CR,BPN,0,3,label,26
2,CR,BPN,0,4,no_label,30
2,CR,BPN,0,4,label,23
2,CR,BPN,0,5,no_label,28
2,CR,BPN,0,5,label,21
2,CR,BPN,0,6,no_label,24
2,CR,BPN,0,6,label,19
2,CR,BPN,0,7,no_label,21
2,CR,BPN,0,7,label,16
3,CR,DMN,0,0,no_label,30
3,CR,DMN,0,0,label,30
3,CR,DMN,0,1,no_label,30
3,CR,DMN,0,1,label,30
3,CR,DMN,0,2,no_label,30
3,CR,DMN,0,2,label,30
3,CR,DMN,0,3,no_label,30
3,CR,DMN,0,3,label,30
3,CR,DMN,0,4,no_label,30
3,CR,DMN,0,4,label,29
3,CR,DMN,0,5,no_label,27
3,CR,DMN,0,5,label,26
3,CR,DMN,0,6,no_label,24
3,CR,DMN,0,6,label,23
3,CR,DMN,0,7,no_label,22
3,CR,DMN,0,7,label,21
4,LaF,BPN,0,0,label,30
4,LaF,BPN,0,0,no_label,30
4,LaF,BPN,0,1,label,30
4,LaF,BPN,0,1,no_label,30
4,LaF,BPN,0,2,label,30
4,LaF,BPN,0,2,no_label,30
4,LaF,BPN,0,3,label,30
4,LaF,BPN,0,3,no_label,30
4,LaF,BPN,0,4,label,27
4,LaF,BPN,0,4,no_label,30
4,LaF,BPN,0,5,label,25
4,LaF,BPN,0,5,no_label,27
4,LaF,BPN,0,6,label,22
4,LaF,BPN,0,6,no_label,24
4,LaF,BPN,0,7,label,19
4,LaF,BPN,0,7,no_label,21
5,LaF,DMN,0,0,label,30
5,LaF,DMN,0,0,no_label,30
5,LaF,DMN,0,1,label,30
5,LaF,DMN,0,1,no_label,30
5,LaF,DMN,0,2,label,30
5,LaF,DMN,0,2,no_label,30
5,LaF,DMN,0,3,label,30
5,LaF,DMN,0,3,no_label,30
5,LaF,DMN,0,4,label,30
5,LaF,DMN,0,4,no_label,30
5,LaF,DMN,0,5,label,28
5,LaF,DMN,0,5,no_label,28
5,LaF,DMN,0,6,label,26
5,LaF,DMN,0,6,no_label,26
5,LaF,DMN,0,7,label,24
5,LaF,DMN,0,7,no_label,24
6,CR,BPN,0,0,label,30
6,CR,BPN,0,0,no_label,30
6,CR,BPN,0,1,label,30
6,CR,BPN,0,1,no_label,30
6,CR,BPN,0,2,label,30
6,CR,BPN,0,2,no_label,30
6,CR,BPN,0,3,label,30
6,CR,BPN,0,3,no_label,29
6,CR,BPN,0,4,label,30
6,CR,BPN,0,4,no_label,27
6,CR,BPN,0,5,label,28
6,CR,BPN,0,5,no_label,25
6,CR,BPN,0,6,label,26
6,CR,BPN,0,6,no_label,23
6,CR,BPN,0,7,label,24
6,CR,BPN,0,7,no_label,21
7,CR,DMN,0,0,label,30
7,CR,DMN,0,0,no_label,30
7,CR,DMN,0,1,label,30
7,CR,DMN,0,1,no_label,30
7,CR,DMN,0,2,label,30
7,CR,DMN,0,2,no_label,30
7,CR,DMN,0,3,label,30
7,CR,DMN,0,3,no_label,30
7,CR,DMN,0,4,label,27
7,CR,DMN,0,4,no_label,26
7,CR,DMN,0,5,label,24
7,CR,DMN,0,5,no_label,23
7,CR,DMN,0,6,label,21
7,CR,DMN,0,6,no_label,20
7,CR,DMN,0,7,label,17
7,CR,DMN,0,7,no_label,16
8,LaF,BPN,0,0,no_label,30
8,LaF,BPN,0,0,label,30
8,LaF,BPN,0,1,no_label,30
8,LaF,BPN,0,1,label,30
8,LaF,BPN,0,2,no_label,30
8,LaF,BPN,0,2,label,30
8,LaF,BPN,0,3,no_label,29
8,LaF,BPN,0,3,label,28
8,LaF,BPN,0,4,no_label,27
8,LaF,BPN,0,4,label,26
8,LaF,BPN,0,5,no_label,25
8,LaF,BPN,0,5,label,24
8,LaF,BPN,0,6,no_label,22
8,LaF,BPN,0,6,label,21
8,LaF,BPN,0,7,no_label,20
8,LaF,BPN,0,7,label,19
9,LaF,DMN,0,0,no_label,30
9,LaF,DMN,0,0,label,30
9,LaF,DMN,0,1,no_label,30
9,LaF,DMN,0,1,label,30
9,LaF,DMN,0,2,no_label,30
9,LaF,DMN,0,2,label,30
9,LaF,DMN,0,3,no_label,30
9,LaF,DMN,0,3,label,30
9,LaF,DMN,0,4,no_label,29
9,LaF,DMN,0,4,label,30
9,LaF,DMN,0,5,no_label,25
9,LaF,DMN,0,5,label,27
9,LaF,DMN,0,6,no_label,22
9,LaF,DMN,0,6,label,23
9,LaF,DMN,0,7,no_label,19
9,LaF,DMN,0,7,label,19
10,CR,BPN,0,0,no_label,30
10,CR,BPN,0,0,label,30
10,CR,BPN,0,1,no_label,30
10,CR,BPN,0,1,label,30
10,CR,BPN,0,2,no_label,30
10,CR,BPN,0,2,label,30
10,CR,BPN,0,3,no_label,30
10,CR,BPN,0,3,label,30
10,CR,BPN,0,4,no_label,30
10,CR,BPN,0,4,label,29
10,CR,BPN,0,5,no_label,30
10,CR,BPN,0,5,label,27
10,CR,BPN,0,6,no_label,28
10,CR,BPN,0,6,label,25
10,CR,BPN,0,7,no_label,26
10,CR,BPN,0,7,label,23
11,CR,DMN,0,0,no_label,30
11,CR,DMN,0,0,label,30
11,CR,DMN,0,1,no_label,30
11,CR,DMN,0,1,label,30
11,CR,DMN,0,2,no_label,30
11,CR,DMN,0,2,label,30
11,CR,DMN,0,3,no_label,30
11,CR,DMN,0,3,label,30
11,CR,DMN,0,4,no_label,30
11,CR,DMN,0,4,label,28
11,CR,DMN,0,5,no_label,28
11,CR,DMN,0,5,label,25
11,CR,DMN,0,6,no_label,26
11,CR,DMN,0,6,label,23
11,CR,DMN,0,7,no_label,23
11,CR,DMN,0,7,label,20
12,LaF,BPN,0,0,label,30
12,LaF,BPN,0,0,no_label,30
12,LaF,BPN,0,1,label,30
12,LaF,BPN,0,1,no_label,30
12,LaF,BPN,0,2,label,30
12,LaF,BPN,0,2,no_label,30
12,LaF,BPN,0,3,label,29
12,LaF,BPN,0,3,no_label,28
12,LaF,BPN,0,4,label,27
12,LaF,BPN,0,4,no_label,26
12,LaF,BPN,0,5,label,25
12,LaF,BPN,0,5,no_label,24
12,LaF,BPN,0,6,label,23
12,LaF,BPN,0,6,no_label,22
12,LaF,BPN,0,7,label,21
12,LaF,BPN,0,7,no_label,20
13,LaF,DMN,0,0,label,30
13,LaF,DMN,0,0,no_label,30
13,LaF,DMN,0,1,label,30
13,LaF,DMN,0,1,no_label,30
13,LaF,DMN,0,2,label,30
13,LaF,DMN,0,2,no_label,30
13,LaF,DMN,0,3,label,30
13,LaF,DMN,0,3,no_label,30
13,LaF,DMN,0,4,label,30
13,LaF,DMN,0,4,no_label,30
13,LaF,DMN,0,5,label,30
13,LaF,DMN,0,5,no_label,30
13,LaF,DMN,0,6,label,27
13,LaF,DMN,0,6,no_label,28
13,LaF,DMN,0,7,label,24
13,LaF,DMN,0,7,no_label,25
14,CR,BPN,0,0,label,30
14,CR,BPN,0,0,no_label,30
14,CR,BPN,0,1,label,30
14,CR,BPN,0,1,no_label,30
14,CR,BPN,0,2,label,30
14,CR,BPN,0,2,no_label,30
14,CR,BPN,0,3,label,30
14,CR,BPN,0,3,no_label,30
14,CR,BPN,0,4,label,29
14,CR,BPN,0,4,no_label,29
14,CR,BPN,0,5,label,26
14,CR,BPN,0,5,no_label,26
14,CR,BPN,0,6,label,24
14,CR,BPN,0,6,no_label,24
14,CR,BPN,0,7,label,22
14,CR,BPN,0,7,no_label,22
15,CR,DMN,0,0,label,30
15,CR,DMN,0,0,no_label,30
15,CR,DMN,0,1,label,30
15,CR,DMN,0,1,no_label,30
15,CR,DMN,0,2,label,30
15,CR,DMN,0,2,no_label,30
15,CR,DMN,0,3,label,29
15,CR,DMN,0,3,no_label,30
15,CR,DMN,0,4,label,26
15,CR,DMN,0,4,no_label,28
15,CR,DMN,0,5,label,23
15,CR,DMN,0,5,no_label,25
15,CR,DMN,0,6,label,20
15,CR,DMN,0,6,no_label,21
15,CR,DMN,0,7,label,17
15,CR,DMN,0,7,no_label,18
16,LaF,BPN,0,0,no_label,30
16,LaF,BPN,0,0,label,30
16,LaF,BPN,0,1,no_label,30
16,LaF,BPN,0,1,label,30
16,LaF,BPN,0,2,no_label,30
16,LaF,BPN,0,2,label,30
16,LaF,BPN,0,3,no_label,30
16,LaF,BPN,0,3,label,30
16,LaF,BPN,0,4,no_label,30
16,LaF,BPN,0,4,label,29
16,LaF,BPN,0,5,no_label,30
16,LaF,BPN,0,5,label,27
16,LaF,BPN,0,6,no_label,30
16,LaF,BPN,0,6,label,25
16,LaF,BPN,0,7,no_label,29
16,LaF,BPN,0,7,label,23
17,LaF,DMN,0,0,no_label,30
17,LaF,DMN,0,0,label,30
17,LaF,DMN,0,1,no_label,30
17,LaF,DMN,0,1,label,30
17,LaF,DMN,0,2,no_label,30
17,LaF,DMN,0,2,label,30
17,LaF,DMN,0,3,no_label,29
17,LaF,DMN,0,3,label,30
17,LaF,DMN,0,4,no_label,26
17,LaF,DMN,0,4,label,27
17,LaF,DMN,0,5,no_label,24
17,LaF,DMN,0,5,label,24
17,LaF,DMN,0,6,no_label,21
17,LaF,DMN,0,6,label,21
17,LaF,DMN,0,7,no_label,18
17,LaF,DMN,0,7,label,18
18,CR,BPN,0,0,no_label,30
18,CR,BPN,0,0,label,30
18,CR,BPN,0,1,no_label,30
18,CR,BPN,0,1,label,30
18,CR,BPN,0,2,no_label,30
18,CR,BPN,0,2,label,30
18,CR,BPN,0,3,no_label,30
18,CR,BPN,0,3,label,28
18,CR,BPN,0,4,no_label,28
18,CR,BPN,0,4,label,26
18,CR,BPN,0,5,no_label,25
18,CR,BPN,0,5,label,23
18,CR,BPN,0,6,no_label,23
18,CR,BPN,0,6,label,21
18,CR,BPN,0,7,no_label,20
18,CR,BPN,0,7,label,18
19,CR,DMN,0,0,no_label,30
19,CR,DMN,0,0,label,30
19,CR,DMN,0,1,no_label,30
19,CR,DMN,0,1,label,30
19,CR,DMN,0,2,no_label,30
19,CR,DMN,0,2,label,30
19,CR,DMN,0,3,no_label,30
19,CR,DMN,0,3,label,27
19,CR,DMN,0,4,no_label,27
19,CR,DMN,0,4,label,24
19,CR,DMN,0,5,no_label,24
19,CR,DMN,0,5,label,22
19,CR,DMN,0,6,no_label,21
19,CR,DMN,0,6,label,19
19,CR,DMN,0,7,no_label,19
19,CR,DMN,0,7,label,16
20,LaF,BPN,0,0,label,30
20,LaF,BPN,0,0,no_label,30
20,LaF,BPN,0,1,label,30
20,LaF,BPN,0,1,no_label,30
20,LaF,BPN,0,2,label,30
20,LaF,BPN,0,2,no_label,30
20,LaF,BPN,0,3,label,30
20,LaF,BPN,0,3,no_label,30
20,LaF,BPN,0,4,label,30
20,LaF,BPN,0,4,no_label,28
20,LaF,BPN,0,5,label,28
20,LaF,BPN,0,5,no_label,26
20,LaF,BPN,0,6,label,26
20,LaF,BPN,0,6,no_label,24
20,LaF,BPN,0,7,label,24
20,LaF,BPN,0,7,no_label,22
21,LaF,DMN,0,0,label,30
21,LaF,DMN,0,0,no_label,30
21,LaF,DMN,0,1,label,30
21,LaF,DMN,0,1,no_label,30
21,LaF,DMN,0,2,label,30
21,LaF,DMN,0,2,no_label,30
21,LaF,DMN,0,3,label,30
21,LaF,DMN,0,3,no_label,30
21,LaF,DMN,0,4,label,29
21,LaF,DMN,0,4,no_label,28
21,LaF,DMN,0,5,label,27
21,LaF,DMN,0,5,no_label,26
21,LaF,DMN,0,6,label,25
21,LaF,DMN,0,6,no_label,23
21,LaF,DMN,0,7,label,22
21,LaF,DMN,0,7,no_label,21
22,CR,BPN,0,0,label,30
22,CR,BPN,0,0,no_label,30
22,CR,BPN,0,1,label,30
22,CR,BPN,0,1,no_label,30
22,CR,BPN,0,2,label,30
22,CR,BPN,0,2,no_label,30
22,CR,BPN,0,3,label,30
22,CR,BPN,0,3,no_label,30
22,CR,BPN,0,4,label,29
22,CR,BPN,0,4,no_label,30
22,CR,BPN,0,5,label,26
22,CR,BPN,0,5,no_label,29
22,CR,BPN,0,6,label,24
22,CR,BPN,0,6,no_label,26
22,CR,BPN,0,7,label,22
22,CR,BPN,0,7,no_label,24
23,CR,DMN,0,0,label,30
23,CR,DMN,0,0,no_label,30
23,CR,DMN,0,1,label,30
23,CR,DMN,0,1,no_label,30
23,CR,DMN,0,2,label,30
23,CR,DMN,0,2,no_label,30
23,CR,DMN,0,3,label,30
23,CR,DMN,0,3,no_label,30
23,CR,DMN,0,4,label,30
23,CR,DMN,0,4,no_label,30
23,CR,DMN,0,5,label,30
23,CR,DMN,0,5,no_label,28
23,CR,DMN,0,6,label,28
23,CR,DMN,0,6,no_label,26
23,CR,DMN,0,7,label,26
23,CR,DMN,0,7,no_label,23
24,LaF,BPN,0,0,no_label,30
24,LaF,BPN,0,0,label,30
24,LaF,BPN,0,1,no_label,30
24,LaF,BPN,0,1,label,30
24,LaF,BPN,0,2,no_label,30
24,LaF,BPN,0,2,label,30
24,LaF,BPN,0,3,no_label,30
24,LaF,BPN,0,3,label,29
24,LaF,BPN,0,4,no_label,28
24,LaF,BPN,0,4,label,27
24,LaF,BPN,0,5,no_label,26
24,LaF,BPN,0,5,label,24
24,LaF,BPN,0,6,no_label,23
24,LaF,BPN,0,6,label,22
24,LaF,BPN,0,7,no_label,21
24,LaF,BPN,0,7,label,20
25,LaF,DMN,0,0,no_label,30
25,LaF,DMN,0,0,label,30
25,LaF,DMN,0,1,no_label,30
25,LaF,DMN,0,1,label,30
25,LaF,DMN,0,2,no_label,30
25,LaF,DMN,0,2,label,30
25,LaF,DMN,0,3,no_label,30
25,LaF,DMN,0,3,label,28
25,LaF,DMN,0,4,no_label,29
25,LaF,DMN,0,4,label,26
25,LaF,DMN,0,5,no_label,27
25,LaF,DMN,0,5,label,24
25,LaF,DMN,0,6,no_label,24
25,LaF,DMN,0,6,label,21
25,LaF,DMN,0,7,no_label,22
25,LaF,DMN,0,7,label,19
26,CR,BPN,0,0,no_label,30
26,CR,BPN,0,0,label,30
26,CR,BPN,0,1,no_label,30
26,CR,BPN,0,1,label,28
26,CR,BPN,0,2,no_label,30
26,CR,BPN,0,2,label,26
26,CR,BPN,0,3,no_label,30
26,CR,BPN,0,3,label,24
26,CR,BPN,0,4,no_label,28
26,CR,BPN,0,4,label,22
26,CR,BPN,0,5,no_label,26
26,CR,BPN,0,5,label,21
26,CR,BPN,0,6,no_label,24
26,CR,BPN,0,6,label,19
26,CR,BPN,0,7,no_label,21
26,CR,BPN,0,7,label,17
27,CR,DMN,0,0,no_label,30
27,CR,DMN,0,0,label,30
27,CR,DMN,0,1,no_label,30
27,CR,DMN,0,1,label,30
27,CR,DMN,0,2,no_label,30
27,CR,DMN,0,2,label,30
27,CR,DMN,0,3,no_label,29
27,CR,DMN,0,3,label,26
27,CR,DMN,0,4,no_label,25
27,CR,DMN,0,4,label,23
27,CR,DMN,0,5,no_label,22
27,CR,DMN,0,5,label,19
27,CR,DMN,0,6,no_label,18
27,CR,DMN,0,6,label,16
27,CR,DMN,0,7,no_label,15
27,CR,DMN,0,7,label,13
28,LaF,BPN,0,0,label,30
28,LaF,BPN,0,0,no_label,30
28,LaF,BPN,0,1,label,30
28,LaF,BPN,0,1,no_label,30
28,LaF,BPN,0,2,label,30
28,LaF,BPN,0,2,no_label,30
28,LaF,BPN,0,3,label,29
28,LaF,BPN,0,3,no_label,28
28,LaF,BPN,0,4,label,27
28,LaF,BPN,0,4,no_label,26
28,LaF,BPN,0,5,label,25
28,LaF,BPN,0,5,no_label,24
28,LaF,BPN,0,6,label,23
28,LaF,BPN,0,6,no_label,23
28,LaF,BPN,0,7,label,22
28,LaF,BPN,0,7,no_label,21
29,LaF,DMN,0,0,label,30
29,LaF,DMN,0,0,no_label,30
29,LaF,DMN,0,1,label,30
29,LaF,DMN,0,1,no_label,30
29,LaF,DMN,0,2,label,29
29,LaF,DMN,0,2,no_label,30
29,LaF,DMN,0,3,label,28
29,LaF,DMN,0,3,no_label,29
29,LaF,DMN,0,4,label,26
29,LaF,DMN,0,4,no_label,27
29,LaF,DMN,0,5,label,24
29,LaF,DMN,0,5,no_label,25
29,LaF,DMN,0,6,label,23
29,LaF,DMN,0,6,no_label,23
29,LaF,DMN,0,7,label,21
29,LaF,DMN,0,7,no_label,22
30,CR,BPN,0,0,label,30
30,CR,BPN,0,0,no_label,30
30,CR,BPN,0,1,label,30
30,CR,BPN,0,1,no_label,30
30,CR,BPN,0,2,label,30
30,CR,BPN,0,2,no_label,30
30,CR,BPN,0,3,label,30
30,CR,BPN,0,3,no_label,28
30,CR,BPN,0,4,label,28
30,CR,BPN,0,4,no_label,26
30,CR,BPN,0,5,label,26
30,CR,BPN,0,5,no_label,24
30,CR,BPN,0,6,label,24
30,CR,BPN,0,6,no_label,22
30,CR,BPN,0,7,label,21
30,CR,BPN,0,7,no_label,20
31,CR,DMN,0,0,label,30
31,CR,DMN,0,0,no_label,30
31,CR,DMN,0,1,label,30
31,CR,DMN,0,1,no_label,30
31,CR,DMN,0,2,label,30
31,CR,DMN,0,2,no_label,30
31,CR,DMN,0,3,label,30
31,CR,DMN,0,3,no_label,28
31,CR,DMN,0,4,label,30
31,CR,DMN,0,4,no_label,25
31,CR,DMN,0,5,label,30
31,CR,DMN,0,5,no_label,23
31,CR,DMN,0,6,label,29
31,CR,DMN,0,6,no_label,21
31,CR,DMN,0,7,label,26
31,CR,DMN,0,7,no_label,18
32,LaF,BPN,0,0,no_label,30
32,LaF,BPN,0,0,label,30
32,LaF,BPN,0,1,no_label,30
32,LaF,BPN,0,1,label,30
32,LaF,BPN,0,2,no_label,30
32,LaF,BPN,0,2,label,30
32,LaF,BPN,0,3,no_label,30
32,LaF,BPN,0,3,label,30
32,LaF,BPN,0,4,no_label,30
32,LaF,BPN,0,4,label,28
32,LaF,BPN,0,5,no_label,30
32,LaF,BPN,0,5,label,26
32,LaF,BPN,0,6,no_label,28
32,LaF,BPN,0,6,label,24
32,LaF,BPN,0,7,no_label,26
32,LaF,BPN,0,7,label,23
33,LaF,DMN,0,0,no_label,30
33,LaF,DMN,0,0,label,30
33,LaF,DMN,0,1,no_label,30
33,LaF,DMN,0,1,label,30
33,LaF,DMN,0,2,no_label,30
33,LaF,DMN,0,2,label,30
33,LaF,DMN,0,3,no_label,30
33,LaF,DMN,0,3,label,30
33,LaF,DMN,0,4,no_label,30
33,LaF,DMN,0,4,label,28
33,LaF,DMN,0,5,no_label,27
33,LaF,DMN,0,5,label,26
33,LaF,DMN,0,6,no_label,25
33,LaF,DMN,0,6,label,23
33,LaF,DMN,0,7,no_label,22
33,LaF,DMN,0,7,label,21
34,CR,BPN,0,0,no_label,30
34,CR,BPN,0,0,label,30
34,CR,BPN,0,1,no_label,30
34,CR,BPN,0,1,label,30
34,CR,BPN,0,2,no_label,30
34,CR,BPN,0,2,label,30
34,CR,BPN,0,3,no_label,29
34,CR,BPN,0,3,label,30
34,CR,BPN,0,4,no_label,28
34,CR,BPN,0,4,label,29
34,CR,BPN,0,5,no_label,26
34,CR,BPN,0,5,label,27
34,CR,BPN,0,6,no_label,24
34,CR,BPN,0,6,label,25
34,CR,BPN,0,7,no_label,22
34,CR,BPN,0,7,label,24
35,CR,DMN,0,0,no_label,30
35,CR,DMN,0,0,label,30
35,CR,DMN,0,1,no_label,30
35,CR,DMN,0,1,label,30
35,CR,DMN,0,2,no_label,30
35,CR,DMN,0,2,label,30
35,CR,DMN,0,3,no_label,30
35,CR,DMN,0,3,label,30
35,CR,DMN,0,4,no_label,30
35,CR,DMN,0,4,label,30
35,CR,DMN,0,5,no_label,28
35,CR,DMN,0,5,label,29
35,CR,DMN,0,6,no_label,26
35,CR,DMN,0,6,label,26
35,CR,DMN,0,7,no_label,23
35,CR,DMN,0,7,label,23
36,LaF,BPN,0,0,label,30
36,LaF,BPN,0,0,no_label,30
36,LaF,BPN,0,1,label,30
36,LaF,BPN,0,1,no_label,30
36,LaF,BPN,0,2,label,30
36,LaF,BPN,0,2,no_label,30
36,LaF,BPN,0,3,label,30
36,LaF,BPN,0,3,no_label,30
36,LaF,BPN,0,4,label,30
36,LaF,BPN,0,4,no_label,30
36,LaF,BPN,0,5,label,29
36,LaF,BPN,0,5,no_label,29
36,LaF,BPN,0,6,label,27
36,LaF,BPN,0,6,no_label,26
36,LaF,BPN,0,7,label,24
36,LaF,BPN,0,7,no_label,24
37,LaF,DMN,0,0,label,30
37,LaF,DMN,0,0,no_label,30
37,LaF,DMN,0,1,label,30
37,LaF,DMN,0,1,no_label,30
37,LaF,DMN,0,2,label,30
37,LaF,DMN,0,2,no_label,30
37,LaF,DMN,0,3,label,30
37,LaF,DMN,0,3,no_label,30
37,LaF,DMN,0,4,label,30
37,LaF,DMN,0,4,no_label,30
37,LaF,DMN,0,5,label,28
37,LaF,DMN,0,5,no_label,28
37,LaF,DMN,0,6,label,25
37,LaF,DMN,0,6,no_label,25
37,LaF,DMN,0,7,label,21
37,LaF,DMN,0,7,no_label,21
38,CR,BPN,0,0,label,30
38,CR,BPN,0,0,no_label,30
38,CR,BPN,0,1,label,30
38,CR,BPN,0,1,no_label,30
38,CR,BPN,0,2,label,30
38,CR,BPN,0,2,no_label,30
38,CR,BPN,0,3,label,30
38,CR,BPN,0,3,no_label,29
38,CR,BPN,0,4,label,27
38,CR,BPN,0,4,no_label,26
38,CR,BPN,0,5,label,24
38,CR,BPN,0,5,no_label,23
38,CR,BPN,0,6,label,22
38,CR,BPN,0,6,no_label,21
38,CR,BPN,0,7,label,19
38,CR,BPN,0,7,no_label,18
39,CR,DMN,0,0,label,30
39,CR,DMN,0,0,no_label,30
39,CR,DMN,0,1,label,30
39,CR,DMN,0,1,no_label,30
39,CR,DMN,0,2,label,30
39,CR,DMN,0,2,no_label,30
39,CR,DMN,0,3,label,29
39,CR,DMN,0,3,no_label,30
39,CR,DMN,0,4,label,27
39,CR,DMN,0,4,no_label,30
39,CR,DMN,0,5,label,25
39,CR,DMN,0,5,no_label,28
39,CR,DMN,0,6,label,23
39,CR,DMN,0,6,no_label,26
39,CR,DMN,0,7,label,22
39,CR,DMN,0,7,no_label,24
40,LaF,BPN,0,0,no_label,30
40,LaF,BPN,0,0,label,30
40,LaF,BPN,0,1,no_label,30
40,LaF,BPN,0,1,label,30
40,LaF,BPN,0,2,no_label,30
40,LaF,BPN,0,2,label,30
40,LaF,BPN,0,3,no_label,30
40,LaF,BPN,0,3,label,29
40,LaF,BPN,0,4,no_label,30
40,LaF,BPN,0,4,label,27
40,LaF,BPN,0,5,no_label,30
40,LaF,BPN,0,5,label,25
40,LaF,BPN,0,6,no_label,30
40,LaF,BPN,0,6,label,23
40,LaF,BPN,0,7,no_label,28
40,LaF,BPN,0,7,label,22
41,LaF,DMN,0,0,no_label,30
41,LaF,DMN,0,0,label,30
41,LaF,DMN,0,1,no_label,30
41,LaF,DMN,0,1,label,30
41,LaF,DMN,0,2,no_label,30
41,LaF,DMN,0,2,label,30
41,LaF,DMN,0,3,no_label,30
41,LaF,DMN,0,3,label,30
41,LaF,DMN,0,4,no_label,30
41,LaF,DMN,0,4,label,30
41,LaF,DMN,0,5,no_label,27
41,LaF,DMN,0,5,label,28
41,LaF,DMN,0,6,no_label,24
41,LaF,DMN,0,6,label,24
41,LaF,DMN,0,7,no_label,21
41,LaF,DMN,0,7,label,21
42,CR,BPN,0,0,no_label,30
42,CR,BPN,0,0,label,30
42,CR,BPN,0,1,no_label,30
42,CR,BPN,0,1,label,30
42,CR,BPN,0,2,no_label,30
42,CR,BPN,0,2,label,29
42,CR,BPN,0,3,no_label,30
42,CR,BPN,0,3,label,26
42,CR,BPN,0,4,no_label,30
42,CR,BPN,0,4,label,24
42,CR,BPN,0,5,no_label,26
42,CR,BPN,0,5,label,21
42,CR,BPN,0,6,no_label,23
42,CR,BPN,0,6,label,18
42,CR,BPN,0,7,no_label,19
42,CR,BPN,0,7,label,15
43,CR,DMN,0,0,no_label,30
43,CR,DMN,0,0,label,30
43,CR,DMN,0,1,no_label,30
43,CR,DMN,0,1,label,30
43,CR,DMN,0,2,no_label,30
43,CR,DMN,0,2,label,30
43,CR,DMN,0,3,no_label,30
43,CR,DMN,0,3,label,30
43,CR,DMN,0,4,no_label,30
43,CR,DMN,0,4,label,30
43,CR,DMN,0,5,no_label,30
43,CR,DMN,0,5,label,29
43,CR,DMN,0,6,no_label,30
43,CR,DMN,0,6,label,26
43,CR,DMN,0,7,no_label,27
43,CR,DMN,0,7,label,23
44,LaF,BPN,0,0,label,30
44,LaF,BPN,0,0,no_label,30
44,LaF,BPN,0,1,label,30
44,LaF,BPN,0,1,no_label,30
44,LaF,BPN,0,2,label,29
44,LaF,BPN,0,2,no_label,30
44,LaF,BPN,0,3,label,27
44,LaF,BPN,0,3,no_label,29
44,LaF,BPN,0,4,label,25
44,LaF,BPN,0,4,no_label,26
44,LaF,BPN,0,5,label,22
44,LaF,BPN,0,5,no_label,24
44,LaF,BPN,0,6,label,20
44,LaF,BPN,0,6,no_label,21
44,LaF,BPN,0,7,label,18
44,LaF,BPN,0,7,no_label,18
45,LaF,DMN,0,0,label,30
45,LaF,DMN,0,0,no_label,30
45,LaF,DMN,0,1,label,30
45,LaF,DMN,0,1,no_label,30
45,LaF,DMN,0,2,label,30
45,LaF,DMN,0,2,no_label,30
45,LaF,DMN,0,3,label,30
45,LaF,DMN,0,3,no_label,30
45,LaF,DMN,0,4,label,29
45,LaF,DMN,0,4,no_label,28
45,LaF,DMN,0,5,label,26
45,LaF,DMN,0,5,no_label,25
45,LaF,DMN,0,6,label,23
45,LaF,DMN,0,6,no_label,22
45,LaF,DMN,0,7,label,20
45,LaF,DMN,0,7,no_label,19
46,CR,BPN,0,0,label,30
46,CR,BPN,0,0,no_label,30
46,CR,BPN,0,1,label,30
46,CR,BPN,0,1,no_label,30
46,CR,BPN,0,2,label,30
46,CR,BPN,0,2,no_label,30
46,CR,BPN,0,3,label,29
46,CR,BPN,0,3,no_label,29
46,CR,BPN,0,4,label,27
46,CR,BPN,0,4,no_label,28
46,CR,BPN,0,5,label,26
46,CR,BPN,0,5,no_label,26
46,CR,BPN,0,6,label,24
46,CR,BPN,0,6,no_label,24
46,CR,BPN,0,7,label,23
46,CR,BPN,0,7,no_label,23
47,CR,DMN,0,0,label,30
47,CR,DMN,0,0,no_label,30
47,CR,DMN,0,1,label,30
47,CR,DMN,0,1,no_label,30
47,CR,DMN,0,2,label,30
47,CR,DMN,0,2,no_label,28
47,CR,DMN,0,3,label,30
47,CR,DMN,0,3,no_label,27
47,CR,DMN,0,4,label,30
47,CR,DMN,0,4,no_label,25
47,CR,DMN,0,5,label,29
47,CR,DMN,0,5,no_label,24
47,CR,DMN,0,6,label,27
47,CR,DMN,0,6,no_label,22
47,CR,DMN,0,7,label,26
47,CR,DMN,0,7,no_label,21
48,LaF,BPN,0,0,no_label,30
48,LaF,BPN,0,0,label,30
48,LaF,BPN,0,1,no_label,30
48,LaF,BPN,0,1,label,29
48,LaF,BPN,0,2,no_label,30
48,LaF,BPN,0,2,label,27
48,LaF,BPN,0,3,no_label,30
48,LaF,BPN,0,3,label,26
48,LaF,BPN,0,4,no_label,30
48,LaF,BPN,0,4,label,24
48,LaF,BPN,0,5,no_label,28
48,LaF,BPN,0,5,label,23
48,LaF,BPN,0,6,no_label,27
48,LaF,BPN,0,6,label,22
48,LaF,BPN,0,7,no_label,25
48,LaF,BPN,0,7,label,20
49,LaF,DMN,0,0,no_label,30
49,LaF,DMN,0,0,label,30
49,LaF,DMN,0,1,no_label,30
49,LaF,DMN,0,1,label,30
49,LaF,DMN,0,2,no_label,30
49,LaF,DMN,0,2,label,30
49,LaF,DMN,0,3,no_label,30
49,LaF,DMN,0,3,label,28
49,LaF,DMN,0,4,no_label,28
49,LaF,DMN,0,4,label,26
49,LaF,DMN,0,5,no_label,26
49,LaF,DMN,0,5,label,24
49,LaF,DMN,0,6,no_label,24
49,LaF,DMN,0,6,label,22
49,LaF,DMN,0,7,no_label,22
49,LaF,DMN,0,7,label,20
50,CR,BPN,0,0,no_label,30
50,CR,BPN,0,0,label,30
50,CR,BPN,0,1,no_label,30
50,CR,BPN,0,1,label,30
50,CR,BPN,0,2,no_label,30
50,CR,BPN,0,2,label,30
50,CR,BPN,0,3,no_label,30
50,CR,BPN,0,3,label,30
50,CR,BPN,0,4,no_label,30
50,CR,BPN,0,4,label,30
50,CR,BPN,0,5,no_label,28
50,CR,BPN,0,5,label,28
50,CR,BPN,0,6,no_label,26
50,CR,BPN,0,6,label,26
50,CR,BPN,0,7,no_label,25
50,CR,BPN,0,7,label,25
51,CR,DMN,0,0,no_label,30
51,CR,DMN,0,0,label,30
51,CR,DMN,0,1,no_label,30
51,CR,DMN,0,1,label,30
51,CR,DMN,0,2,no_label,30
51,CR,DMN,0,2,label,30
51,CR,DMN,0,3,no_label,28
51,CR,DMN,0,3,label,30
51,CR,DMN,0,4,no_label,26
51,CR,DMN,0,4,label,28
51,CR,DMN,0,5,no_label,24
51,CR,DMN,0,5,label,25
51,CR,DMN,0,6,no_label,22
51,CR,DMN,0,6,label,23
51,CR,DMN,0,7,no_label,20
51,CR,DMN,0,7,label,21
52,LaF,BPN,0,0,label,30
52,LaF,BPN,0,0,no_label,30
52,LaF,BPN,0,1,label,30
52,LaF,BPN,0,1,no_label,30
52,LaF,BPN,0,2,label,30
52,LaF,BPN,0,2,no_label,30
52,LaF,BPN,0,3,label,30
52,LaF,BPN,0,3,no_label,30
52,LaF,BPN,0,4,label,30
52,LaF,BPN,0,4,no_label,30
52,LaF,BPN,0,5,label,30
52,LaF,BPN,0,5,no_label,30
52,LaF,BPN,0,6,label,29
52,LaF,BPN,0,6,no_label,29
52,LaF,BPN,0,7,label,27
52,LaF,BPN,0,7,no_label,26
53,LaF,DMN,0,0,label,30
53,LaF,DMN,0,0,no_label,30
53,LaF,DMN,0,1,label,30
53,LaF,DMN,0,1,no_label,30
53,LaF,DMN,0,2,label,30
53,LaF,DMN,0,2,no_label,30
53,LaF,DMN,0,3,label,30
53,LaF,DMN,0,3,no_label,30
53,LaF,DMN,0,4,label,27
53,LaF,DMN,0,4,no_label,30
53,LaF,DMN,0,5,label,24
53,LaF,DMN,0,5,no_label,29
53,LaF,DMN,0,6,label,22
53,LaF,DMN,0,6,no_label,25
53,LaF,DMN,0,7,label,19
53,LaF,DMN,0,7,no_label,22
54,CR,BPN,0,0,label,30
54,CR,BPN,0,0,no_label,30
54,CR,BPN,0,1,label,30
54,CR,BPN,0,1,no_label,30
54,CR,BPN,0,2,label,30
54,CR,BPN,0,2,no_label,30
54,CR,BPN,0,3,label,30
54,CR,BPN,0,3,no_label,30
54,CR,BPN,0,4,label,28
54,CR,BPN,0,4,no_label,28
54,CR,BPN,0,5,label,27
54,CR,BPN,0,5,no_label,26
54,CR,BPN,0,6,label,25
54,CR,BPN,0,6,no_label,24
54,CR,BPN,0,7,label,23
54,CR,BPN,0,7,no_label,23
55,CR,DMN,0,0,label,30
55,CR,DMN,0,0,no_label,30
55,CR,DMN,0,1,label,30
55,CR,DMN,0,1,no_label,30
55,CR,DMN,0,2,label,30
55,CR,DMN,0,2,no_label,30
55,CR,DMN,0,3,label,30
55,CR,DMN,0,3,no_label,30
55,CR,DMN,0,4,label,28
55,CR,DMN,0,4,no_label,27
55,CR,DMN,0,5,label,24
55,CR,DMN,0,5,no_label,23
55,CR,DMN,0,6,label,20
55,CR,DMN,0,6,no_label,19
55,CR,DMN,0,7,label,16
55,CR,DMN,0,7,no_label,15
56,LaF,BPN,0,0,no_label,30
56,LaF,BPN,0,0,label,30
56,LaF,BPN,0,1,no_label,30
56,LaF,BPN,0,1,label,30
56,LaF,BPN,0,2,no_label,30
56,LaF,BPN,0,2,label,29
56,LaF,BPN,0,3,no_label,30
56,LaF,BPN,0,3,label,27
56,LaF,BPN,0,4,no_label,29
56,LaF,BPN,0,4,label,25
56,LaF,BPN,0,5,no_label,26
56,LaF,BPN,0,5,label,22
56,LaF,BPN,0,6,no_label,24
56,LaF,BPN,0,6,label,20
56,LaF,BPN,0,7,no_label,21
56,LaF,BPN,0,7,label,18
57,LaF,DMN,0,0,no_label,30
57,LaF,DMN,0,0,label,30
57,LaF,DMN,0,1,no_label,30
57,LaF,DMN,0,1,label,29
57,LaF,DMN,0,2,no_label,29
57,LaF,DMN,0,2,label,27
57,LaF,DMN,0,3,no_label,27
57,LaF,DMN,0,3,label,25
57,LaF,DMN,0,4,no_label,25
57,LaF,DMN,0,4,label,24
57,LaF,DMN,0,5,no_label,24
57,LaF,DMN,0,5,label,22
57,LaF,DMN,0,6,no_label,22
57,LaF,DMN,0,6,label,20
57,LaF,DMN,0,7,no_label,20
57,LaF,DMN,0,7,label,18
58,CR,BPN,0,0,no_label,30
58,CR,BPN,0,0,label,30
58,CR,BPN,0,1,no_label,30
58,CR,BPN,0,1,label,30
58,CR,BPN,0,2,no_label,30
58,CR,BPN,0,2,label,30
58,CR,BPN,0,3,no_label,30
58,CR,BPN,0,3,label,30
58,CR,BPN,0,4,no_label,30
58,CR,BPN,0,4,label,30
58,CR,BPN,0,5,no_label,30
58,CR,BPN,0,5,label,28
58,CR,BPN,0,6,no_label,28
58,CR,BPN,0,6,label,26
58,CR,BPN,0,7,no_label,26
58,CR,BPN,0,7,label,23
59,CR,DMN,0,0,no_label,30
59,CR,DMN,0,0,label,30
59,CR,DMN,0,1,no_label,30
59,CR,DMN,0,1,label,30
59,CR,DMN,0,2,no_label,30
59,CR,DMN,0,2,label,30
59,CR,DMN,0,3,no_label,30
59,CR,DMN,0,3,label,27
59,CR,DMN,0,4,no_label,29
59,CR,DMN,0,4,label,24
59,CR,DMN,0,5,no_label,25
59,CR,DMN,0,5,label,21
59,CR,DMN,0,6,no_label,22
59,CR,DMN,0,6,label,18
59,CR,DMN,0,7,no_label,18
59,CR,DMN,0,7,label,15
60,LaF,BPN,0,0,label,30
60,LaF,BPN,0,0,no_label,30
60,LaF,BPN,0,1,label,30
60,LaF,BPN,0,1,no_label,28
60,LaF,BPN,0,2,label,30
60,LaF,BPN,0,2,no_label,27
60,LaF,BPN,0,3,label,30
60,LaF,BPN,0,3,no_label,25
60,LaF,BPN,0,4,label,30
60,LaF,BPN,0,4,no_label,24
60,LaF,BPN,0,5,label,29
60,LaF,BPN,0,5,no_label,22
60,LaF,BPN,0,6,label,27
60,LaF,BPN,0,6,no_label,21
60,LaF,BPN,0,7,label,25
60,LaF,BPN,0,7,no_label,20
61,LaF,DMN,0,0,label,30
61,LaF,DMN,0,0,no_label,30
61,LaF,DMN,0,1,label,30
61,LaF,DMN,0,1,no_label,30
61,LaF,DMN,0,2,label,30
61,LaF,DMN,0,2,no_label,30
61,LaF,DMN,0,3,label,30
61,LaF,DMN,0,3,no_label,30
61,LaF,DMN,0,4,label,30
61,LaF,DMN,0,4,no_label,30
61,LaF,DMN,0,5,label,29
61,LaF,DMN,0,5,no_label,27
61,LaF,DMN,0,6,label,26
61,LaF,DMN,0,6,no_label,24
61,LaF,DMN,0,7,label,23
61,LaF,DMN,0,7,no_label,22
62,CR,BPN,0,0,label,30
62,CR,BPN,0,0,no_label,30
62,CR,BPN,0,1,label,30
62,CR,BPN,0,1,no_label,30
62,CR,BPN,0,2,label,30
62,CR,BPN,0,2,no_label,30
62,CR,BPN,0,3,label,30
62,CR,BPN,0,3,no_label,30
62,CR,BPN,0,4,label,30
62,CR,BPN,0,4,no_label,30
62,CR,BPN,0,5,label,30
62,CR,BPN,0,5,no_label,30
62,CR,BPN,0,6,label,29
62,CR,BPN,0,6,no_label,28
62,CR,BPN,0,7,label,27
62,CR,BPN,0,7,no_label,27
63,CR,DMN,0,0,label,30
63,CR,DMN,0,0,no_label,30
63,CR,DMN,0,1,label,30
63,CR,DMN,0,1,no_label,30
63,CR,DMN,0,2,label,30
63,CR,DMN,0,2,no_label,30
63,CR,DMN,0,3,label,30
63,CR,DMN,0,3,no_label,28
63,CR,DMN,0,4,label,29
63,CR,DMN,0,4,no_label,25
63,CR,DMN,0,5,label,26
63,CR,DMN,0,5,no_label,23
63,CR,DMN,0,6,label,24
63,CR,DMN,0,6,no_label,20
63,CR,DMN,0,7,label,21
63,CR,DMN,0,7,no_label,17
64,LaF,BPN,0,0,no_label,30
64,LaF,BPN,0,0,label,30
64,LaF,BPN,0,1,no_label,30
64,LaF,BPN,0,1,label,30
64,LaF,BPN,0,2,no_label,30
64,LaF,BPN,0,2,label,30
64,LaF,BPN,0,3,no_label,30
64,LaF,BPN,0,3,label,30
64,LaF,BPN,0,4,no_label,30
64,LaF,BPN,0,4,label,30
64,LaF,BPN,0,5,no_label,30
64,LaF,BPN,0,5,label,29
64,LaF,BPN,0,6,no_label,29
64,LaF,BPN,0,6,label,27
64,LaF,BPN,0,7,no_label,26
64,LaF,BPN,0,7,label,24
65,LaF,DMN,0,0,no_label,30
65,LaF,DMN,0,0,label,30
65,LaF,DMN,0,1,no_label,30
65,LaF,DMN,0,1,label,30
65,LaF,DMN,0,2,no_label,30
65,LaF,DMN,0,2,label,30
65,LaF,DMN,0,3,no_label,29
65,LaF,DMN,0,3,label,30
65,LaF,DMN,0,4,no_label,26
65,LaF,DMN,0,4,label,28
65,LaF,DMN,0,5,no_label,24
65,LaF,DMN,0,5,label,26
65,LaF,DMN,0,6,no_label,22
65,LaF,DMN,0,6,label,23
65,LaF,DMN,0,7,no_label,19
65,LaF,DMN,0,7,label,21
66,CR,BPN,0,0,no_label,30
66,CR,BPN,0,0,label,30
66,CR,BPN,0,1,no_label,30
66,CR,BPN,0,1,label,30
66,CR,BPN,0,2,no_label,30
66,CR,BPN,0,2,label,30
66,CR,BPN,0,3,no_label,27
66,CR,BPN,0,3,label,28
66,CR,BPN,0,4,no_label,24
66,CR,BPN,0,4,label,25
66,CR,BPN,0,5,no_label,22
66,CR,BPN,0,5,label,22
66,CR,BPN,0,6,no_label,19
66,CR,BPN,0,6,label,19
66,CR,BPN,0,7,no_label,17
66,CR,BPN,0,7,label,17
67,CR,DMN,0,0,no_label,30
67,CR,DMN,0,0,label,30
67,CR,DMN,0,1,no_label,30
67,CR,DMN,0,1,label,30
67,CR,DMN,0,2,no_label,30
67,CR,DMN,0,2,label,30
67,CR,DMN,0,3,no_label,30
67,CR,DMN,0,3,label,30
67,CR,DMN,0,4,no_label,30
67,CR,DMN,0,4,label,28
67,CR,DMN,0,5,no_label,29
67,CR,DMN,0,5,label,24
67,CR,DMN,0,6,no_label,25
67,CR,DMN,0,6,label,21
67,CR,DMN,0,7,no_label,20
67,CR,DMN,0,7,label,17
68,LaF,BPN,0,0,label,30
68,LaF,BPN,0,0,no_label,30
68,LaF,BPN,0,1,label,30
68,LaF,BPN,0,1,no_label,28
68,LaF,BPN,0,2,label,30
68,LaF,BPN,0,2,no_label,26
68,LaF,BPN,0,3,label,30
68,LaF,BPN,0,3,no_label,24
68,LaF,BPN,0,4,label,27
68,LaF,BPN,0,4,no_label,22
68,LaF,BPN,0,5,label,25
68,LaF,BPN,0,5,no_label,20
68,LaF,BPN,0,6,label,23
68,LaF,BPN,0,6,no_label,18
68,LaF,BPN,0,7,label,20
68,LaF,BPN,0,7,no_label,16
69,LaF,DMN,0,0,label,30
69,LaF,DMN,0,0,no_label,30
69,LaF,DMN,0,1,label,30
69,LaF,DMN,0,1,no_label,30
69,LaF,DMN,0,2,label,30
69,LaF,DMN,0,2,no_label,30
69,LaF,DMN,0,3,label,30
69,LaF,DMN,0,3,no_label,30
69,LaF,DMN,0,4,label,29
69,LaF,DMN,0,4,no_label,30
69,LaF,DMN,0,5,label,27
69,LaF,DMN,0,5,no_label,30
69,LaF,DMN,0,6,label,25
69,LaF,DMN,0,6,no_label,27
69,LaF,DMN,0,7,label,22
69,LaF,DMN,0,7,no_label,24
70,CR,BPN,0,0,label,30
70,CR,BPN,0,0,no_label,30
70,CR,BPN,0,1,label,30
70,CR,BPN,0,1,no_label,30
70,CR,BPN,0,2,label,30
70,CR,BPN,0,2,no_label,30
70,CR,BPN,0,3,label,30
70,CR,BPN,0,3,no_label,30
70,CR,BPN,0,4,label,28
70,CR,BPN,0,4,no_label,28
70,CR,BPN,0,5,label,26
70,CR,BPN,0,5,no_label,27
70,CR,BPN,0,6,label,25
70,CR,BPN,0,6,no_label,25
70,CR,BPN,0,7,label,23
70,CR,BPN,0,7,no_label,23
71,CR,DMN,0,0,label,30
71,CR,DMN,0,0,no_label,30
71,CR,DMN,0,1,label,30
71,CR,DMN,0,1,no_label,30
71,CR,DMN,0,2,label,30
71,CR,DMN,0,2,no_label,29
71,CR,DMN,0,3,label,27
71,CR,DMN,0,3,no_label,26
71,CR,DMN,0,4,label,24
71,CR,DMN,0,4,no_label,23
71,CR,DMN,0,5,label,21
71,CR,DMN,0,5,no_label,20
71,CR,DMN,0,6,label,18
71,CR,DMN,0,6,no_label,17
71,CR,DMN,0,7,label,15
71,CR,DMN,0,7,no_label,14
72,LaF,BPN,0,0,no_label,30
72,LaF,BPN,0,0,label,30
72,LaF,BPN,0,1,no_label,30
72,LaF,BPN,0,1,label,30
72,LaF,BPN,0,2,no_label,30
72,LaF,BPN,0,2,label,30
72,LaF,BPN,0,3,no_label,30
72,LaF,BPN,0,3,label,29
72,LaF,BPN,0,4,no_label,30
72,LaF,BPN,0,4,label,28
72,LaF,BPN,0,5,no_label,30
72,LaF,BPN,0,5,label,26
72,LaF,BPN,0,6,no_label,30
72,LaF,BPN,0,6,label,24
72,LaF,BPN,0,7,no_label,30
72,LaF,BPN,0,7,label,22
73,LaF,DMN,0,0,no_label,30
73,LaF,DMN,0,0,label,30
73,LaF,DMN,0,1,no_label,30
73,LaF,DMN,0,1,label,30
73,LaF,DMN,0,2,no_label,30
73,LaF,DMN,0,2,label,30
73,LaF,DMN,0,3,no_label,30
73,LaF,DMN,0,3,label,30
73,LaF,DMN,0,4,no_label,26
73,LaF,DMN,0,4,label,27
73,LaF,DMN,0,5,no_label,22
73,LaF,DMN,0,5,label,22
73,LaF,DMN,0,6,no_label,18
73,LaF,DMN,0,6,label,18
73,LaF,DMN,0,7,no_label,15
73,LaF,DMN,0,7,label,14
74,CR,BPN,0,0,no_label,30
74,CR,BPN,0,0,label,30
74,CR,BPN,0,1,no_label,30
74,CR,BPN,0,1,label,30
74,CR,BPN,0,2,no_label,30
74,CR,BPN,0,2,label,30
74,CR,BPN,0,3,no_label,30
74,CR,BPN,0,3,label,29
74,CR,BPN,0,4,no_label,30
74,CR,BPN,0,4,label,28
74,CR,BPN,0,5,no_label,30
74,CR,BPN,0,5,label,26
74,CR,BPN,0,6,no_label,28
74,CR,BPN,0,6,label,24
74,CR,BPN,0,7,no_label,26
74,CR,BPN,0,7,label,22
75,CR,DMN,0,0,no_label,30
75,CR,DMN,0,0,label,30
75,CR,DMN,0,1,no_label,30
75,CR,DMN,0,1,label,30
75,CR,DMN,0,2,no_label,30
75,CR,DMN,0,2,label,30
75,CR,DMN,0,3,no_label,30
75,CR,DMN,0,3,label,30
75,CR,DMN,0,4,no_label,30
75,CR,DMN,0,4,label,29
75,CR,DMN,0,5,no_label,30
75,CR,DMN,0,5,label,27
75,CR,DMN,0,6,no_label,28
75,CR,DMN,0,6,label,24
75,CR,DMN,0,7,no_label,25
75,CR,DMN,0,7,label,22
76,LaF,BPN,0,0,label,30
76,LaF,BPN,0,0,no_label,30
76,LaF,BPN,0,1,label,30
76,LaF,BPN,0,1,no_label,30
76,LaF,BPN,0,2,label,30
76,LaF,BPN,0,2,no_label,30
76,LaF,BPN,0,3,label,30
76,LaF,BPN,0,3,no_label,30
76,LaF,BPN,0,4,label,30
76,LaF,BPN,0,4,no_label,29
76,LaF,BPN,0,5,label,30
76,LaF,BPN,0,5,no_label,26
76,LaF,BPN,0,6,label,27
76,LaF,BPN,0,6,no_label,24
76,LaF,BPN,0,7,label,25
76,LaF,BPN,0,7,no_label,22
77,LaF,DMN,0,0,label,30
77,LaF,DMN,0,0,no_label,30
77,LaF,DMN,0,1,label,30
77,LaF,DMN,0,1,no_label,30
77,LaF,DMN,0,2,label,30
77,LaF,DMN,0,2,no_label,30
77,LaF,DMN,0,3,label,30
77,LaF,DMN,0,3,no_label,30
77,LaF,DMN,0,4,label,30
77,LaF,DMN,0,4,no_label,30
77,LaF,DMN,0,5,label,28
77,LaF,DMN,0,5,no_label,28
77,LaF,DMN,0,6,label,26
77,LaF,DMN,0,6,no_label,26
77,LaF,DMN,0,7,label,24
77,LaF,DMN,0,7,no_label,24
78,CR,BPN,0,0,label,30
78,CR,BPN,0,0,no_label,30
78,CR,BPN,0,1,label,30
78,CR,BPN,0,1,no_label,30
78,CR,BPN,0,2,label,30
78,CR,BPN,0,2,no_label,30
78,CR,BPN,0,3,label,30
78,CR,BPN,0,3,no_label,29
78,CR,BPN,0,4,label,29
78,CR,BPN,0,4,no_label,27
78,CR,BPN,0,5,label,27
78,CR,BPN,0,5,no_label,25
78,CR,BPN,0,6,label,25
78,CR,BPN,0,6,no_label,23
78,CR,BPN,0,7,label,23
78,CR,BPN,0,7,no_label,21
79,CR,DMN,0,0,label,30
79,CR,DMN,0,0,no_label,30
79,CR,DMN,0,1,label,30
79,CR,DMN,0,1,no_label,30
79,CR,DMN,0,2,label,30
79,CR,DMN,0,2,no_label,30
79,CR,DMN,0,3,label,30
79,CR,DMN,0,3,no_label,30
79,CR,DMN,0,4,label,29
79,CR,DMN,0,4,no_label,28
79,CR,DMN,0,5,label,27
79,CR,DMN,0,5,no_label,26
79,CR,DMN,0,6,label,25
79,CR,DMN,0,6,no_label,24
79,CR,DMN,0,7,label,23
79,CR,DMN,0,7,no_label,22
80,LaF,BPN,0,0,no_label,30
80,LaF,BPN,0,0,label,30
80,LaF,BPN,0,1,no_label,30
80,LaF,BPN,0,1,label,30
80,LaF,BPN,0,2,no_label,30
80,LaF,BPN,0,2,label,30
80,LaF,BPN,0,3,no_label,30
80,LaF,BPN,0,3,label,29
80,LaF,BPN,0,4,no_label,30
80,LaF,BPN,0,4,label,27
80,LaF,BPN,0,5,no_label,29
80,LaF,BPN,0,5,label,26
80,LaF,BPN,0,6,no_label,27
80,LaF,BPN,0,6,label,24
80,LaF,BPN,0,7,no_label,25
80,LaF,BPN,0,7,label,22
81,LaF,DMN,0,0,no_label,30
81,LaF,DMN,0,0,label,30
81,LaF,DMN,0,1,no_label,30
81,LaF,DMN,0,1,label,30
81,LaF,DMN,0,2,no_label,30
81,LaF,DMN,0,2,label,30
81,LaF,DMN,0,3,no_label,30
81,LaF,DMN,0,3,label,30
81,LaF,DMN,0,4,no_label,30
81,LaF,DMN,0,4,label,30
81,LaF,DMN,0,5,no_label,30
81,LaF,DMN,0,5,label,28
81,LaF,DMN,0,6,no_label,30
81,LaF,DMN,0,6,label,26
81,LaF,DMN,0,7,no_label,27
81,LaF,DMN,0,7,label,24
82,CR,BPN,0,0,no_label,30
82,CR,BPN,0,0,label,30
82,CR,BPN,0,1,no_label,30
82,CR,BPN,0,1,label,30
82,CR,BPN,0,2,no_label,30
82,CR,BPN,0,2,label,30
82,CR,BPN,0,3,no_label,30
82,CR,BPN,0,3,label,29
82,CR,BPN,0,4,no_label,30
82,CR,BPN,0,4,label,27
82,CR,BPN,0,5,no_label,27
82,CR,BPN,0,5,label,24
82,CR,BPN,0,6,no_label,25
82,CR,BPN,0,6,label,22
82,CR,BPN,0,7,no_label,22
82,CR,BPN,0,7,label,19
83,CR,DMN,0,0,no_label,30
83,CR,DMN,0,0,label,30
83,CR,DMN,0,1,no_label,30
83,CR,DMN,0,1,label,30
83,CR,DMN,0,2,no_label,30
83,CR,DMN,0,2,label,30
83,CR,DMN,0,3,no_label,30
83,CR,DMN,0,3,label,30
83,CR,DMN,0,4,no_label,30
83,CR,DMN,0,4,label,28
83,CR,DMN,0,5,no_label,27
83,CR,DMN,0,5,label,25
83,CR,DMN,0,6,no_label,24
83,CR,DMN,0,6,label,22
83,CR,DMN,0,7,no_label,21
83,CR,DMN,0,7,label,20
84,LaF,BPN,0,0,label,30
84,LaF,BPN,0,0,no_label,30
84,LaF,BPN,0,1,label,30
84,LaF,BPN,0,1,no_label,30
84,LaF,BPN,0,2,label,30
84,LaF,BPN,0,2,no_label,30
84,LaF,BPN,0,3,label,30
84,LaF,BPN,0,3,no_label,30
84,LaF,BPN,0,4,label,30
84,LaF,BPN,0,4,no_label,28
84,LaF,BPN,0,5,label,30
84,LaF,BPN,0,5,no_label,25
84,LaF,BPN,0,6,label,27
84,LaF,BPN,0,6,no_label,22
84,LaF,BPN,0,7,label,24
84,LaF,BPN,0,7,no_label,19
85,LaF,DMN,0,0,label,30
85,LaF,DMN,0,0,no_label,30
85,LaF,DMN,0,1,label,30
85,LaF,DMN,0,1,no_label,30
85,LaF,DMN,0,2,label,29
85,LaF,DMN,0,2,no_label,30
85,LaF,DMN,0,3,label,28
85,LaF,DMN,0,3,no_label,30
85,LaF,DMN,0,4,label,26
85,LaF,DMN,0,4,no_label,30
85,LaF,DMN,0,5,label,25
85,LaF,DMN,0,5,no_label,30
85,LaF,DMN,0,6,label,23
85,LaF,DMN,0,6,no_label,30
85,LaF,DMN,0,7,label,22
85,LaF,DMN,0,7,no_label,28
86,CR,BPN,0,0,label,30
86,CR,BPN,0,0,no_label,30
86,CR,BPN,0,1,label,30
86,CR,BPN,0,1,no_label,30
86,CR,BPN,0,2,label,30
86,CR,BPN,0,2,no_label,30
86,CR,BPN,0,3,label,30
86,CR,BPN,0,3,no_label,30
86,CR,BPN,0,4,label,29
86,CR,BPN,0,4,no_label,30
86,CR,BPN,0,5,label,25
86,CR,BPN,0,5,no_label,29
86,CR,BPN,0,6,label,22
86,CR,BPN,0,6,no_label,25
86,CR,BPN,0,7,label,19
86,CR,BPN,0,7,no_label,21
87,CR,DMN,0,0,label,30
87,CR,DMN,0,0,no_label,30
87,CR,DMN,0,1,label,30
87,CR,DMN,0,1,no_label,30
87,CR,DMN,0,2,label,30
87,CR,DMN,0,2,no_label,30
87,CR,DMN,0,3,label,30
87,CR,DMN,0,3,no_label,28
87,CR,DMN,0,4,label,28
87,CR,DMN,0,4,no_label,25
87,CR,DMN,0,5,label,25
87,CR,DMN,0,5,no_label,22
87,CR,DMN,0,6,label,22
87,CR,DMN,0,6,no_label,20
87,CR,DMN,0,7,label,20
87,CR,DMN,0,7,no_label,17
88,LaF,BPN,0,0,no_label,30
88,LaF,BPN,0,0,label,30
88,LaF,BPN,0,1,no_label,30
88,LaF,BPN,0,1,label,30
88,LaF,BPN,0,2,no_label,30
88,LaF,BPN,0,2,label,30
88,LaF,BPN,0,3,no_label,30
88,LaF,BPN,0,3,label,30
88,LaF,BPN,0,4,no_label,30
88,LaF,BPN,0,4,label,30
88,LaF,BPN,0,5,no_label,30
88,LaF,BPN,0,5,label,29
88,LaF,BPN,0,6,no_label,28
88,LaF,BPN,0,6,label,27
88,LaF,BPN,0,7,no_label,26
88,LaF,BPN,0,7,label,26
89,LaF,DMN,0,0,no_label,30
89,LaF,DMN,0,0,label,30
89,LaF,DMN,0,1,no_label,30
89,LaF,DMN,0,1,label,30
89,LaF,DMN,0,2,no_label,30
89,LaF,DMN,0,2,label,30
89,LaF,DMN,0,3,no_label,30
89,LaF,DMN,0,3,label,27
89,LaF,DMN,0,4,no_label,27
89,LaF,DMN,0,4,label,23
89,LaF,DMN,0,5,no_label,24
89,LaF,DMN,0,5,label,20
89,LaF,DMN,0,6,no_label,20
89,LaF,DMN,0,6,label,17
89,LaF,DMN,0,7,no_label,16
89,LaF,DMN,0,7,label,13
90,CR,BPN,0,0,no_label,30
90,CR,BPN,0,0,label,30
90,CR,BPN,0,1,no_label,30
90,CR,BPN,0,1,label,30
90,CR,BPN,0,2,no_label,30
90,CR,BPN,0,2,label,30
90,CR,BPN,0,3,no_label,29
90,CR,BPN,0,3,label,30
90,CR,BPN,0,4,no_label,27
90,CR,BPN,0,4,label,27
90,CR,BPN,0,5,no_label,24
90,CR,BPN,0,5,label,24
90,CR,BPN,0,6,no_label,21
90,CR,BPN,0,6,label,22
90,CR,BPN,0,7,no_label,19
90,CR,BPN,0,7,label,19
91,CR,DMN,0,0,no_label,30
91,CR,DMN,0,0,label,30
91,CR,DMN,0,1,no_label,30
91,CR,DMN,0,1,label,30
91,CR,DMN,0,2,no_label,30
91,CR,DMN,0,2,label,30
91,CR,DMN,0,3,no_label,30
91,CR,DMN,0,3,label,30
91,CR,DMN,0,4,no_label,30
91,CR,DMN,0,4,label,29
91,CR,DMN,0,5,no_label,28
91,CR,DMN,0,5,label,27
91,CR,DMN,0,6,no_label,26
91,CR,DMN,0,6,label,25
91,CR,DMN,0,7,no_label,24
91,CR,DMN,0,7,label,23
92,LaF,BPN,0,0,label,30
92,LaF,BPN,0,0,no_label,30
92,LaF,BPN,0,1,label,30
92,LaF,BPN,0,1,no_label,30
92,LaF,BPN,0,2,label,30
92,LaF,BPN,0,2,no_label,30
92,LaF,BPN,0,3,label,29
92,LaF,BPN,0,3,no_label,29
92,LaF,BPN,0,4,label,27
92,LaF,BPN,0,4,no_label,27
92,LaF,BPN,0,5,label,25
92,LaF,BPN,0,5,no_label,26
92,LaF,BPN,0,6,label,24
92,LaF,BPN,0,6,no_label,24
92,LaF,BPN,0,7,label,22
92,LaF,BPN,0,7,no_label,22
93,LaF,DMN,0,0,label,30
93,LaF,DMN,0,0,no_label,30
93,LaF,DMN,0,1,label,30
93,LaF,DMN,0,1,no_label,30
93,LaF,DMN,0,2,label,30
93,LaF,DMN,0,2,no_label,29
93,LaF,DMN,0,3,label,30
93,LaF,DMN,0,3,no_label,27
93,LaF,DMN,0,4,label,30
93,LaF,DMN,0,4,no_label,24
93,LaF,DMN,0,5,label,27
93,LaF,DMN,0,5,no_label,22
93,LaF,DMN,0,6,label,25
93,LaF,DMN,0,6,no_label,20
93,LaF,DMN,0,7,label,22
93,LaF,DMN,0,7,no_label,18
94,CR,BPN,0,0,label,30
94,CR,BPN,0,0,no_label,30
94,CR,BPN,0,1,label,30
94,CR,BPN,0,1,no_label,30
94,CR,BPN,0,2,label,30
94,CR,BPN,0,2,no_label,30
94,CR,BPN,0,3,label,30
94,CR,BPN,0,3,no_label,30
94,CR,BPN,0,4,label,30
94,CR,BPN,0,4,no_label,30
94,CR,BPN,0,5,label,30
94,CR,BPN,0,5,no_label,30
94,CR,BPN,0,6,label,29
94,CR,BPN,0,6,no_label,28
94,CR,BPN,0,7,label,26
94,CR,BPN,0,7,no_label,25
95,CR,DMN,0,0,label,30
95,CR,DMN,0,0,no_label,30
95,CR,DMN,0,1,label,30
95,CR,DMN,0,1,no_label,30
95,CR,DMN,0,2,label,30
95,CR,DMN,0,2,no_label,30
95,CR,DMN,0,3,label,30
95,CR,DMN,0,3,no_label,30
95,CR,DMN,0,4,label,30
95,CR,DMN,0,4,no_label,30
95,CR,DMN,0,5,label,30
95,CR,DMN,0,5,no_label,30
95,CR,DMN,0,6,label,29
95,CR,DMN,0,6,no_label,28
95,CR,DMN,0,7,label,27
95,CR,DMN,0,7,no_label,26
96,LaF,BPN,0,0,no_label,30
96,LaF,BPN,0,0,label,30
96,LaF,BPN,0,1,no_label,30
96,LaF,BPN,0,1,label,30
96,LaF,BPN,0,2,no_label,30
96,LaF,BPN,0,2,label,30
96,LaF,BPN,0,3,no_label,30
96,LaF,BPN,0,3,label,30
96,LaF,BPN,0,4,no_label,30
96,LaF,BPN,0,4,label,29
96,LaF,BPN,0,5,no_label,30
96,LaF,BPN,0,5,label,27
96,LaF,BPN,0,6,no_label,29
96,LaF,BPN,0,6,label,26
96,LaF,BPN,0,7,no_label,27
96,LaF,BPN,0,7,label,24
97,LaF,DMN,0,0,no_label,30
97,LaF,DMN,0,0,label,30
97,LaF,DMN,0,1,no_label,30
97,LaF,DMN,0,1,label,30
97,LaF,DMN,0,2,no_label,30
97,LaF,DMN,0,2,label,30
97,LaF,DMN,0,3,no_label,30
97,LaF,DMN,0,3,label,30
97,LaF,DMN,0,4,no_label,30
97,LaF,DMN,0,4,label,28
97,LaF,DMN,0,5,no_label,30
97,LaF,DMN,0,5,label,26
97,LaF,DMN,0,6,no_label,27
97,LaF,DMN,0,6,label,23
97,LaF,DMN,0,7,no_label,24
97,LaF,DMN,0,7,label,21
98,CR,BPN,0,0,no_label,30
98,CR,BPN,0,0,label,30
98,CR,BPN,0,1,no_label,30
98,CR,BPN,0,1,label,30
98,CR,BPN,0,2,no_label,30
98,CR,BPN,0,2,label,30
98,CR,BPN,0,3,no_label,30
98,CR,BPN,0,3,label,30
98,CR,BPN,0,4,no_label,29
98,CR,BPN,0,4,label,27
98,CR,BPN,0,5,no_label,26
98,CR,BPN,0,5,label,24
98,CR,BPN,0,6,no_label,23
98,CR,BPN,0,6,label,21
98,CR,BPN,0,7,no_label,20
98,CR,BPN,0,7,label,18
99,CR,DMN,0,0,no_label,30
99,CR,DMN,0,0,label,30
99,CR,DMN,0,1,no_label,30
99,CR,DMN,0,1,label,30
99,CR,DMN,0,2,no_label,30
99,CR,DMN,0,2,label,30
99,CR,DMN,0,3,no_label,30
99,CR,DMN,0,3,label,30
99,CR,DMN,0,4,no_label,30
99,CR,DMN,0,4,label,28
99,CR,DMN,0,5,no_label,27
99,CR,DMN,0,5,label,25
99,CR,DMN,0,6,no_label,25
99,CR,DMN,0,6,label,22
99,CR,DMN,0,7,no_label,22
99,CR,DMN,0,7,label,20
100,LaF,BPN,0,0,label,30
100,LaF,BPN,0,0,no_label,30
100,LaF,BPN,0,1,label,30
100,LaF,BPN,0,1,no_label,30
100,LaF,BPN,0,2,label,30
100,LaF,BPN,0,2,no_label,30
100,LaF,BPN,0,3,label,30
100,LaF,BPN,0,3,no_label,28
100,LaF,BPN,0,4,label,30
100,LaF,BPN,0,4,no_label,26
100,LaF,BPN,0,5,label,30
100,LaF,BPN,0,5,no_label,24
100,LaF,BPN,0,6,label,29
100,LaF,BPN,0,6,no_label,23
100,LaF,BPN,0,7,label,27
100,LaF,BPN,0,7,no_label,21
101,LaF,DMN,0,0,label,30
101,LaF,DMN,0,0,no_label,30
101,LaF,DMN,0,1,label,30
101,LaF,DMN,0,1,no_label,30
101,LaF,DMN,0,2,label,30
101,LaF,DMN,0,2,no_label,30
101,LaF,DMN,0,3,label,30
101,LaF,DMN,0,3,no_label,30
101,LaF,DMN,0,4,label,29
101,LaF,DMN,0,4,no_label,30
101,LaF,DMN,0,5,label,27
101,LaF,DMN,0,5,no_label,27
101,LaF,DMN,0,6,label,24
101,LaF,DMN,0,6,no_label,25
101,LaF,DMN,0,7,label,21
101,LaF,DMN,0,7,no_label,22
102,CR,BPN,0,0,label,30
102,CR,BPN,0,0,no_label,30
102,CR,BPN,0,1,label,30
102,CR,BPN,0,1,no_label,30
102,CR,BPN,0,2,label,30
102,CR,BPN,0,2,no_label,30
102,CR,BPN,0,3,label,29
102,CR,BPN,0,3,no_label,30
102,CR,BPN,0,4,label,27
102,CR,BPN,0,4,no_label,30
102,CR,BPN,0,5,label,26
102,CR,BPN,0,5,no_label,30
102,CR,BPN,0,6,label,24
102,CR,BPN,0,6,no_label,30
102,CR,BPN,0,7,label,22
102,CR,BPN,0,7,no_label,28
103,CR,DMN,0,0,label,30
103,CR,DMN,0,0,no_label,30
103,CR,DMN,0,1,label,30
103,CR,DMN,0,1,no_label,30
103,CR,DMN,0,2,label,30
103,CR,DMN,0,2,no_label,30
103,CR,DMN,0,3,label,28
103,CR,DMN,0,3,no_label,27
103,CR,DMN,0,4,label,24
103,CR,DMN,0,4,no_label,23
103,CR,DMN,0,5,label,21
103,CR,DMN,0,5,no_label,20
103,CR,DMN,0,6,label,18
103,CR,DMN,0,6,no_label,16
103,CR,DMN,0,7,label,14
103,CR,DMN,0,7,no_label,13
104,LaF,BPN,0,0,no_label,30
104,LaF,BPN,0,0,label,30
104,LaF,BPN,0,1,no_label,30
104,LaF,BPN,0,1,label,30
104,LaF,BPN,0,2,no_label,30
104,LaF,BPN,0,2,label,30
104,LaF,BPN,0,3,no_label,30
104,LaF,BPN,0,3,label,29
104,LaF,BPN,0,4,no_label,30
104,LaF,BPN,0,4,label,27
104,LaF,BPN,0,5,no_label,30
104,LaF,BPN,0,5,label,26
104,LaF,BPN,0,6,no_label,30
104,LaF,BPN,0,6,label,24
104,LaF,BPN,0,7,no_label,28
104,LaF,BPN,0,7,label,22
105,LaF,DMN,0,0,no_label,30
105,LaF,DMN,0,0,label,30
105,LaF,DMN,0,1,no_label,30
105,LaF,DMN,0,1,label,30
105,LaF,DMN,0,2,no_label,30
105,LaF,DMN,0,2,label,30
105,LaF,DMN,0,3,no_label,30
105,LaF,DMN,0,3,label,29
105,LaF,DMN,0,4,no_label,30
105,LaF,DMN,0,4,label,26
105,LaF,DMN,0,5,no_label,28
105,LaF,DMN,0,5,label,24
105,LaF,DMN,0,6,no_label,26
105,LaF,DMN,0,6,label,22
105,LaF,DMN,0,7,no_label,23
105,LaF,DMN,0,7,label,20
106,CR,BPN,0,0,no_label,30
106,CR,BPN,0,0,label,30
106,CR,BPN,0,1,no_label,30
106,CR,BPN,0,1,label,30
106,CR,BPN,0,2,no_label,30
106,CR,BPN,0,2,label,29
106,CR,BPN,0,3,no_label,30
106,CR,BPN,0,3,label,28
106,CR,BPN,0,4,no_label,30
106,CR,BPN,0,4,label,26
106,CR,BPN,0,5,no_label,28
106,CR,BPN,0,5,label,24
106,CR,BPN,0,6,no_label,26
106,CR,BPN,0,6,label,23
106,CR,BPN,0,7,no_label,24
106,CR,BPN,0,7,label,21
107,CR,DMN,0,0,no_label,30
107,CR,DMN,0,0,label,30
107,CR,DMN,0,1,no_label,30
107,CR,DMN,0,1,label,30
107,CR,DMN,0,2,no_label,30
107,CR,DMN,0,2,label,30
107,CR,DMN,0,3,no_label,30
107,CR,DMN,0,3,label,30
107,CR,DMN,0,4,no_label,28
107,CR,DMN,0,4,label,26
107,CR,DMN,0,5,no_label,25
107,CR,DMN,0,5,label,23
107,CR,DMN,0,6,no_label,21
107,CR,DMN,0,6,label,19
107,CR,DMN,0,7,no_label,18
107,CR,DMN,0,7,label,16
108,LaF,BPN,0,0,label,30
108,LaF,BPN,0,0,no_label,30
108,LaF,BPN,0,1,label,30
108,LaF,BPN,0,1,no_label,30
108,LaF,BPN,0,2,label,30
108,LaF,BPN,0,2,no_label,30
108,LaF,BPN,0,3,label,30
108,LaF,BPN,0,3,no_label,30
108,LaF,BPN,0,4,label,28
108,LaF,BPN,0,4,no_label,30
108,LaF,BPN,0,5,label,26
108,LaF,BPN,0,5,no_label,30
108,LaF,BPN,0,6,label,24
108,LaF,BPN,0,6,no_label,29
108,LaF,BPN,0,7,label,22
108,LaF,BPN,0,7,no_label,26
109,LaF,DMN,0,0,label,30
109,LaF,DMN,0,0,no_label,30
109,LaF,DMN,0,1,label,30
109,LaF,DMN,0,1,no_label,30
109,LaF,DMN,0,2,label,30
109,LaF,DMN,0,2,no_label,30
109,LaF,DMN,0,3,label,29
109,LaF,DMN,0,3,no_label,30
109,LaF,DMN,0,4,label,27
109,LaF,DMN,0,4,no_label,28
109,LaF,DMN,0,5,label,25
109,LaF,DMN,0,5,no_label,26
109,LaF,DMN,0,6,label,23
109,LaF,DMN,0,6,no_label,23
109,LaF,DMN,0,7,label,20
109,LaF,DMN,0,7,no_label,21
110,CR,BPN,0,0,label,30
110,CR,BPN,0,0,no_label,30
110,CR,BPN,0,1,label,30
110,CR,BPN,0,1,no_label,30
110,CR,BPN,0,2,label,30
110,CR,BPN,0,2,no_label,29
110,CR,BPN,0,3,label,30
110,CR,BPN,0,3,no_label,27
110,CR,BPN,0,4,label,29
110,CR,BPN,0,4,no_label,26
110,CR,BPN,0,5,label,27
110,CR,BPN,0,5,no_label,24
110,CR,BPN,0,6,label,25
110,CR,BPN,0,6,no_label,22
110,CR,BPN,0,7,label,23
110,CR,BPN,0,7,no_label,20
111,CR,DMN,0,0,label,30
111,CR,DMN,0,0,no_label,30
111,CR,DMN,0,1,label,30
111,CR,DMN,0,1,no_label,30
111,CR,DMN,0,2,label,30
111,CR,DMN,0,2,no_label,30
111,CR,DMN,0,3,label,30
111,CR,DMN,0,3,no_label,30
111,CR,DMN,0,4,label,28
111,CR,DMN,0,4,no_label,29
111,CR,DMN,0,5,label,25
111,CR,DMN,0,5,no_label,26
111,CR,DMN,0,6,label,22
111,CR,DMN,0,6,no_label,23
111,CR,DMN,0,7,label,19
111,CR,DMN,0,7,no_label,20
112,LaF,BPN,0,0,no_label,30
112,LaF,BPN,0,0,label,30
112,LaF,BPN,0,1,no_label,30
112,LaF,BPN,0,1,label,30
112,LaF,BPN,0,2,no_label,30
112,LaF,BPN,0,2,label,30
112,LaF,BPN,0,3,no_label,30
112,LaF,BPN,0,3,label,30
112,LaF,BPN,0,4,no_label,29
112,LaF,BPN,0,4,label,30
112,LaF,BPN,0,5,no_label,26
112,LaF,BPN,0,5,label,27
112,LaF,BPN,0,6,no_label,24
112,LaF,BPN,0,6,label,25
112,LaF,BPN,0,7,no_label,21
112,LaF,BPN,0,7,label,22
113,LaF,DMN,0,0,no_label,30
113,LaF,DMN,0,0,label,30
113,LaF,DMN,0,1,no_label,30
113,LaF,DMN,0,1,label,30
113,LaF,DMN,0,2,no_label,30
113,LaF,DMN,0,2,label,30
113,LaF,DMN,0,3,no_label,30
113,LaF,DMN,0,3,label,30
113,LaF,DMN,0,4,no_label,30
113,LaF,DMN,0,4,label,30
113,LaF,DMN,0,5,no_label,27
113,LaF,DMN,0,5,label,28
113,LaF,DMN,0,6,no_label,25
113,LaF,DMN,0,6,label,25
113,LaF,DMN,0,7,no_label,22
113,LaF,DMN,0,7,label,23
114,CR,BPN,0,0,no_label,30
114,CR,BPN,0,0,label,30
114,CR,BPN,0,1,no_label,30
114,CR,BPN,0,1,label,30
114,CR,BPN,0,2,no_label,30
114,CR,BPN,0,2,label,30
114,CR,BPN,0,3,no_label,30
114,CR,BPN,0,3,label,30
114,CR,BPN,0,4,no_label,30
114,CR,BPN,0,4,label,30
114,CR,BPN,0,5,no_label,30
114,CR,BPN,0,5,label,30
114,CR,BPN,0,6,no_label,30
114,CR,BPN,0,6,label,28
114,CR,BPN,0,7,no_label,28
114,CR,BPN,0,7,label,26
115,CR,DMN,0,0,no_label,30
115,CR,DMN,0,0,label,30
115,CR,DMN,0,1,no_label,30
115,CR,DMN,0,1,label,30
115,CR,DMN,0,2,no_label,30
115,CR,DMN,0,2,label,30
115,CR,DMN,0,3,no_label,29
115,CR,DMN,0,3,label,28
115,CR,DMN,0,4,no_label,26
115,CR,DMN,0,4,label,25
115,CR,DMN,0,5,no_label,24
115,CR,DMN,0,5,label,23
115,CR,DMN,0,6,no_label,21
115,CR,DMN,0,6,label,20
115,CR,DMN,0,7,no_label,19
115,CR,DMN,0,7,label,18
116,LaF,BPN,0,0,label,30
116,LaF,BPN,0,0,no_label,30
116,LaF,BPN,0,1,label,30
116,LaF,BPN,0,1,no_label,30
116,LaF,BPN,0,2,label,30
116,LaF,BPN,0,2,no_label,30
116,LaF,BPN,0,3,label,30
116,LaF,BPN,0,3,no_label,30
116,LaF,BPN,0,4,label,30
116,LaF,BPN,0,4,no_label,27
116,LaF,BPN,0,5,label,29
116,LaF,BPN,0,5,no_label,25
116,LaF,BPN,0,6,label,27
116,LaF,BPN,0,6,no_label,22
116,LaF,BPN,0,7,label,24
116,LaF,BPN,0,7,no_label,20
117,LaF,DMN,0,0,label,30
117,LaF,DMN,0,0,no_label,30
117,LaF,DMN,0,1,label,30
117,LaF,DMN,0,1,no_label,30
117,LaF,DMN,0,2,label,30
117,LaF,DMN,0,2,no_label,30
117,LaF,DMN,0,3,label,30
117,LaF,DMN,0,3,no_label,30
117,LaF,DMN,0,4,label,30
117,LaF,DMN,0,4,no_label,28
117,LaF,DMN,0,5,label,29
117,LaF,DMN,0,5,no_label,25
117,LaF,DMN,0,6,label,26
117,LaF,DMN,0,6,no_label,22
117,LaF,DMN,0,7,label,23
117,LaF,DMN,0,7,no_label,20
118,CR,BPN,0,0,label,30
118,CR,BPN,0,0,no_label,30
118,CR,BPN,0,1,label,30
118,CR,BPN,0,1,no_label,30
118,CR,BPN,0,2,label,30
118,CR,BPN,0,2,no_label,30
118,CR,BPN,0,3,label,30
118,CR,BPN,0,3,no_label,30
118,CR,BPN,0,4,label,30
118,CR,BPN,0,4,no_label,28
118,CR,BPN,0,5,label,27
118,CR,BPN,0,5,no_label,25
118,CR,BPN,0,6,label,24
118,CR,BPN,0,6,no_label,22
118,CR,BPN,0,7,label,21
118,CR,BPN,0,7,no_label,19
119,CR,DMN,0,0,label,30
119,CR,DMN,0,0,no_label,30
119,CR,DMN,0,1,label,30
119,CR,DMN,0,1,no_label,30
119,CR,DMN,0,2,label,30
119,CR,DMN,0,2,no_label,29
119,CR,DMN,0,3,label,30
119,CR,DMN,0,3,no_label,27
119,CR,DMN,0,4,label,29
119,CR,DMN,0,4,no_label,25
119,CR,DMN,0,5,label,27
119,CR,DMN,0,5,no_label,23
119,CR,DMN,0,6,label,25
119,CR,DMN,0,6,no_label,21
119,CR,DMN,0,7,label,22
119,CR,DMN,0,7,no_label,18
120,LaF,BPN,0,0,no_label,30
120,LaF,BPN,0,0,label,30
120,LaF,BPN,0,1,no_label,30
120,LaF,BPN,0,1,label,30
120,LaF,BPN,0,2,no_label,30
120,LaF,BPN,0,2,label,30
120,LaF,BPN,0,3,no_label,30
120,LaF,BPN,0,3,label,30
120,LaF,BPN,0,4,no_label,30
120,LaF,BPN,0,4,label,30
120,LaF,BPN,0,5,no_label,28
120,LaF,BPN,0,5,label,30
120,LaF,BPN,0,6,no_label,26
120,LaF,BPN,0,6,label,28
120,LaF,BPN,0,7,no_label,25
120,LaF,BPN,0,7,label,26
121,LaF,DMN,0,0,no_label,30
121,LaF,DMN,0,0,label,30
121,LaF,DMN,0,1,no_label,30
121,LaF,DMN,0,1,label,30
121,LaF,DMN,0,2,no_label,30
121,LaF,DMN,0,2,label,30
121,LaF,DMN,0,3,no_label,30
121,LaF,DMN,0,3,label,29
121,LaF,DMN,0,4,no_label,30
121,LaF,DMN,0,4,label,25
121,LaF,DMN,0,5,no_label,29
121,LaF,DMN,0,5,label,22
121,LaF,DMN,0,6,no_label,25
121,LaF,DMN,0,6,label,19
121,LaF,DMN,0,7,no_label,21
121,LaF,DMN,0,7,label,16
122,CR,BPN,0,0,no_label,30
122,CR,BPN,0,0,label,30
122,CR,BPN,0,1,no_label,30
122,CR,BPN,0,1,label,30
122,CR,BPN,0,2,no_label,30
122,CR,BPN,0,2,label,30
122,CR,BPN,0,3,no_label,30
122,CR,BPN,0,3,label,29
122,CR,BPN,0,4,no_label,30
122,CR,BPN,0,4,label,26
122,CR,BPN,0,5,no_label,29
122,CR,BPN,0,5,label,24
122,CR,BPN,0,6,no_label,26
122,CR,BPN,0,6,label,21
122,CR,BPN,0,7,no_label,23
122,CR,BPN,0,7,label,18
123,CR,DMN,0,0,no_label,30
123,CR,DMN,0,0,label,30
123,CR,DMN,0,1,no_label,30
123,CR,DMN,0,1,label,30
123,CR,DMN,0,2,no_label,30
123,CR,DMN,0,2,label,30
123,CR,DMN,0,3,no_label,30
123,CR,DMN,0,3,label,30
123,CR,DMN,0,4,no_label,30
123,CR,DMN,0,4,label,28
123,CR,DMN,0,5,no_label,28
123,CR,DMN,0,5,label,25
123,CR,DMN,0,6,no_label,25
123,CR,DMN,0,6,label,23
123,CR,DMN,0,7,no_label,23
123,CR,DMN,0,7,label,20
124,LaF,BPN,0,0,label,30
124,LaF,BPN,0,0,no_label,30
124,LaF,BPN,0,1,label,30
124,LaF,BPN,0,1,no_label,30
124,LaF,BPN,0,2,label,30
124,LaF,BPN,0,2,no_label,30
124,LaF,BPN,0,3,label,30
124,LaF,BPN,0,3,no_label,30
124,LaF,BPN,0,4,label,30
124,LaF,BPN,0,4,no_label,29
124,LaF,BPN,0,5,label,30
124,LaF,BPN,0,5,no_label,27
124,LaF,BPN,0,6,label,30
124,LaF,BPN,0,6,no_label,26
124,LaF,BPN,0,7,label,29
124,LaF,BPN,0,7,no_label,24
125,LaF,DMN,0,0,label,30
125,LaF,DMN,0,0,no_label,30
125,LaF,DMN,0,1,label,30
125,LaF,DMN,0,1,no_label,30
125,LaF,DMN,0,2,label,30
125,LaF,DMN,0,2,no_label,30
125,LaF,DMN,0,3,label,28
125,LaF,DMN,0,3,no_label,30
125,LaF,DMN,0,4,label,25
125,LaF,DMN,0,4,no_label,28
125,LaF,DMN,0,5,label,22
125,LaF,DMN,0,5,no_label,25
125,LaF,DMN,0,6,label,19
125,LaF,DMN,0,6,no_label,21
125,LaF,DMN,0,7,label,16
125,LaF,DMN,0,7,no_label,17
126,CR,BPN,0,0,label,30
126,CR,BPN,0,0,no_label,30
126,CR,BPN,0,1,label,30
126,CR,BPN,0,1,no_label,30
126,CR,BPN,0,2,label,30
126,CR,BPN,0,2,no_label,30
126,CR,BPN,0,3,label,30
126,CR,BPN,0,3,no_label,30
126,CR,BPN,0,4,label,29
126,CR,BPN,0,4,no_label,30
126,CR,BPN,0,5,label,27
126,CR,BPN,0,5,no_label,30
126,CR,BPN,0,6,label,24
126,CR,BPN,0,6,no_label,27
126,CR,BPN,0,7,label,22
126,CR,BPN,0,7,no_label,24
127,CR,DMN,0,0,label,30
127,CR,DMN,0,0,no_label,30
127,CR,DMN,0,1,label,30
127,CR,DMN,0,1,no_label,30
127,CR,DMN,0,2,label,30
127,CR,DMN,0,2,no_label,30
127,CR,DMN,0,3,label,30
127,CR,DMN,0,3,no_label,30
127,CR,DMN,0,4,label,30
127,CR,DMN,0,4,no_label,28
127,CR,DMN,0,5,label,27
127,CR,DMN,0,5,no_label,24
127,CR,DMN,0,6,label,23
127,CR,DMN,0,6,no_label,21
127,CR,DMN,0,7,label,20
127,CR,DMN,0,7,no_label,18
128,LaF,BPN,0,0,no_label,30
128,LaF,BPN,0,0,label,30
128,LaF,BPN,0,1,no_label,30
128,LaF,BPN,0,1,label,30
128,LaF,BPN,0,2,no_label,30
128,LaF,BPN,0,2,label,30
128,LaF,BPN,0,3,no_label,30
128,LaF,BPN,0,3,label,30
128,LaF,BPN,0,4,no_label,29
128,LaF,BPN,0,4,label,30
128,LaF,BPN,0,5,no_label,27
128,LaF,BPN,0,5,label,28
128,LaF,BPN,0,6,no_label,25
128,LaF,BPN,0,6,label,26
128,LaF,BPN,0,7,no_label,23
128,LaF,BPN,0,7,label,24
129,LaF,DMN,0,0,no_label,30
129,LaF,DMN,0,0,label,30
129,LaF,DMN,0,1,no_label,30
129,LaF,DMN,0,1,label,30
129,LaF,DMN,0,2,no_label,30
129,LaF,DMN,0,2,label,30
129,LaF,DMN,0,3,no_label,30
129,LaF,DMN,0,3,label,29
129,LaF,DMN,0,4,no_label,30
129,LaF,DMN,0,4,label,27
129,LaF,DMN,0,5,no_label,27
129,LaF,DMN,0,5,label,24
129,LaF,DMN,0,6,no_label,25
129,LaF,DMN,0,6,label,22
129,LaF,DMN,0,7,no_label,22
129,LaF,DMN,0,7,label,20
130,CR,BPN,0,0,no_label,30
130,CR,BPN,0,0,label,30
130,CR,BPN,0,1,no_label,30
130,CR,BPN,0,1,label,30
130,CR,BPN,0,2,no_label,30
130,CR,BPN,0,2,label,30
130,CR,BPN,0,3,no_label,29
130,CR,BPN,0,3,label,29
130,CR,BPN,0,4,no_label,27
130,CR,BPN,0,4,label,27
130,CR,BPN,0,5,no_label,25
130,CR,BPN,0,5,label,25
130,CR,BPN,0,6,no_label,23
130,CR,BPN,0,6,label,23
130,CR,BPN,0,7,no_label,21
130,CR,BPN,0,7,label,21
131,CR,DMN,0,0,no_label,30
131,CR,DMN,0,0,label,30
131,CR,DMN,0,1,no_label,30
131,CR,DMN,0,1,label,30
131,CR,DMN,0,2,no_label,30
131,CR,DMN,0,2,label,30
131,CR,DMN,0,3,no_label,28
131,CR,DMN,0,3,label,30
131,CR,DMN,0,4,no_label,26
131,CR,DMN,0,4,label,28
131,CR,DMN,0,5,no_label,24
131,CR,DMN,0,5,label,26
131,CR,DMN,0,6,no_label,22
131,CR,DMN,0,6,label,23
131,CR,DMN,0,7,no_label,19
131,CR,DMN,0,7,label,21
132,LaF,BPN,0,0,label,30
132,LaF,BPN,0,0,no_label,30
132,LaF,BPN,0,1,label,30
132,LaF,BPN,0,1,no_label,30
132,LaF,BPN,0,2,label,30
132,LaF,BPN,0,2,no_label,30
132,LaF,BPN,0,3,label,30
132,LaF,BPN,0,3,no_label,28
132,LaF,BPN,0,4,label,30
132,LaF,BPN,0,4,no_label,27
132,LaF,BPN,0,5,label,28
132,LaF,BPN,0,5,no_label,24
132,LaF,BPN,0,6,label,25
132,LaF,BPN,0,6,no_label,22
132,LaF,BPN,0,7,label,23
132,LaF,BPN,0,7,no_label,20
133,LaF,DMN,0,0,label,30
133,LaF,DMN,0,0,no_label,30
133,LaF,DMN,0,1,label,30
133,LaF,DMN,0,1,no_label,30
133,LaF,DMN,0,2,label,30
133,LaF,DMN,0,2,no_label,30
133,LaF,DMN,0,3,label,30
133,LaF,DMN,0,3,no_label,30
133,LaF,DMN,0,4,label,29
133,LaF,DMN,0,4,no_label,29
133,LaF,DMN,0,5,label,26
133,LaF,DMN,0,5,no_label,26
133,LaF,DMN,0,6,label,24
133,LaF,DMN,0,6,no_label,24
133,LaF,DMN,0,7,label,22
133,LaF,DMN,0,7,no_label,22
134,CR,BPN,0,0,label,30
134,CR,BPN,0,0,no_label,30
134,CR,BPN,0,1,label,30
134,CR,BPN,0,1,no_label,30
134,CR,BPN,0,2,label,30
134,CR,BPN,0,2,no_label,30
134,CR,BPN,0,3,label,30
134,CR,BPN,0,3,no_label,30
134,CR,BPN,0,4,label,29
134,CR,BPN,0,4,no_label,30
134,CR,BPN,0,5,label,28
134,CR,BPN,0,5,no_label,30
134,CR,BPN,0,6,label,26
134,CR,BPN,0,6,no_label,28
134,CR,BPN,0,7,label,24
134,CR,BPN,0,7,no_label,27
135,CR,DMN,0,0,label,30
135,CR,DMN,0,0,no_label,30
135,CR,DMN,0,1,label,30
135,CR,DMN,0,1,no_label,30
135,CR,DMN,0,2,label,30
135,CR,DMN,0,2,no_label,30
135,CR,DMN,0,3,label,30
135,CR,DMN,0,3,no_label,30
135,CR,DMN,0,4,label,27
135,CR,DMN,0,4,no_label,27
135,CR,DMN,0,5,label,24
135,CR,DMN,0,5,no_label,24
135,CR,DMN,0,6,label,21
135,CR,DMN,0,6,no_label,21
135,CR,DMN,0,7,label,18
135,CR,DMN,0,7,no_label,18
136,LaF,BPN,0,0,no_label,30
136,LaF,BPN,0,0,label,30
136,LaF,BPN,0,1,no_label,30
136,LaF,BPN,0,1,label,30
136,LaF,BPN,0,2,no_label,30
136,LaF,BPN,0,2,label,29
136,LaF,BPN,0,3,no_label,30
136,LaF,BPN,0,3,label,27
136,LaF,BPN,0,4,no_label,28
136,LaF,BPN,0,4,label,24
136,LaF,BPN,0,5,no_label,26
136,LaF,BPN,0,5,label,22
136,LaF,BPN,0,6,no_label,23
136,LaF,BPN,0,6,label,20
136,LaF,BPN,0,7,no_label,21
136,LaF,BPN,0,7,label,18
137,LaF,DMN,0,0,no_label,30
137,LaF,DMN,0,0,label,30
137,LaF,DMN,0,1,no_label,30
137,LaF,DMN,0,1,label,30
137,LaF,DMN,0,2,no_label,30
137,LaF,DMN,0,2,label,29
137,LaF,DMN,0,3,no_label,29
137,LaF,DMN,0,3,label,27
137,LaF,DMN,0,4,no_label,26
137,LaF,DMN,0,4,label,24
137,LaF,DMN,0,5,no_label,24
137,LaF,DMN,0,5,label,22
137,LaF,DMN,0,6,no_label,21
137,LaF,DMN,0,6,label,20
137,LaF,DMN,0,7,no_label,19
137,LaF,DMN,0,7,label,17
138,CR,BPN,0,0,no_label,30
138,CR,BPN,0,0,label,30
138,CR,BPN,0,1,no_label,30
138,CR,BPN,0,1,label,30
138,CR,BPN,0,2,no_label,30
138,CR,BPN,0,2,label,30
138,CR,BPN,0,3,no_label,30
138,CR,BPN,0,3,label,30
138,CR,BPN,0,4,no_label,30
138,CR,BPN,0,4,label,30
138,CR,BPN,0,5,no_label,30
138,CR,BPN,0,5,label,28
138,CR,BPN,0,6,no_label,30
138,CR,BPN,0,6,label,26
138,CR,BPN,0,7,no_label,30
138,CR,BPN,0,7,label,25
139,CR,DMN,0,0,no_label,30
139,CR,DMN,0,0,label,30
139,CR,DMN,0,1,no_label,30
139,CR,DMN,0,1,label,30
139,CR,DMN,0,2,no_label,30
139,CR,DMN,0,2,label,30
139,CR,DMN,0,3,no_label,30
139,CR,DMN,0,3,label,30
139,CR,DMN,0,4,no_label,30
139,CR,DMN,0,4,label,29
139,CR,DMN,0,5,no_label,30
139,CR,DMN,0,5,label,27
139,CR,DMN,0,6,no_label,28
139,CR,DMN,0,6,label,25
139,CR,DMN,0,7,no_label,25
139,CR,DMN,0,7,label,22
140,LaF,BPN,0,0,label,30
140,LaF,BPN,0,0,no_label,30
140,LaF,BPN,0,1,label,30
140,LaF,BPN,0,1,no_label,30
140,LaF,BPN,0,2,label,30
140,LaF,BPN,0,2,no_label,30
140,LaF,BPN,0,3,label,30
140,LaF,BPN,0,3,no_label,30
140,LaF,BPN,0,4,label,30
140,LaF,BPN,0,4,no_label,30
140,LaF,BPN,0,5,label,28
140,LaF,BPN,0,5,no_label,29
140,LaF,BPN,0,6,label,25
140,LaF,BPN,0,6,no_label,26
140,LaF,BPN,0,7,label,23
140,LaF,BPN,0,7,no_label,23
141,LaF,DMN,0,0,label,30
141,LaF,DMN,0,0,no_label,30
141,LaF,DMN,0,1,label,30
141,LaF,DMN,0,1,no_label,30
141,LaF,DMN,0,2,label,30
141,LaF,DMN,0,2,no_label,30
141,LaF,DMN,0,3,label,30
141,LaF,DMN,0,3,no_label,30
141,LaF,DMN,0,4,label,29
141,LaF,DMN,0,4,no_label,30
141,LaF,DMN,0,5,label,27
141,LaF,DMN,0,5,no_label,30
141,LaF,DMN,0,6,label,25
141,LaF,DMN,0,6,no_label,27
141,LaF,DMN,0,7,label,23
141,LaF,DMN,0,7,no_label,25
142,CR,BPN,0,0,label,30
142,CR,BPN,0,0,no_label,30
142,CR,BPN,0,1,label,30
142,CR,BPN,0,1,no_label,28
142,CR,BPN,0,2,label,30
142,CR,BPN,0,2,no_label,26
142,CR,BPN,0,3,label,28
142,CR,BPN,0,3,no_label,24
142,CR,BPN,0,4,label,26
142,CR,BPN,0,4,no_label,22
142,CR,BPN,0,5,label,23
142,CR,BPN,0,5,no_label,20
142,CR,BPN,0,6,label,21
142,CR,BPN,0,6,no_label,18
142,CR,BPN,0,7,label,19
142,CR,BPN,0,7,no_label,16
143,CR,DMN,0,0,label,30
143,CR,DMN,0,0,no_label,30
143,CR,DMN,0,1,label,30
143,CR,DMN,0,1,no_label,30
143,CR,DMN,0,2,label,30
143,CR,DMN,0,2,no_label,30
143,CR,DMN,0,3,label,30
143,CR,DMN,0,3,no_label,30
143,CR,DMN,0,4,label,29
143,CR,DMN,0,4,no_label,30
143,CR,DMN,0,5,label,26
143,CR,DMN,0,5,no_label,29
143,CR,DMN,0,6,label,23
143,CR,DMN,0,6,no_label,25
143,CR,DMN,0,7,label,20
143,CR,DMN,0,7,no_label,22
144,LaF,BPN,0,0,no_label,30
144,LaF,BPN,0,0,label,30
144,LaF,BPN,0,1,no_label,30
144,LaF,BPN,0,1,label,30
144,LaF,BPN,0,2,no_label,30
144,LaF,BPN,0,2,label,30
144,LaF,BPN,0,3,no_label,30
144,LaF,BPN,0,3,label,30
144,LaF,BPN,0,4,no_label,29
144,LaF,BPN,0,4,label,30
144,LaF,BPN,0,5,no_label,27
144,LaF,BPN,0,5,label,28
144,LaF,BPN,0,6,no_label,26
144,LaF,BPN,0,6,label,26
144,LaF,BPN,0,7,no_label,24
144,LaF,BPN,0,7,label,24
145,LaF,DMN,0,0,no_label,30
145,LaF,DMN,0,0,label,30
145,LaF,DMN,0,1,no_label,30
145,LaF,DMN,0,1,label,30
145,LaF,DMN,0,2,no_label,30
145,LaF,DMN,0,2,label,30
145,LaF,DMN,0,3,no_label,30
145,LaF,DMN,0,3,label,30
145,LaF,DMN,0,4,no_label,30
145,LaF,DMN,0,4,label,30
145,LaF,DMN,0,5,no_label,30
145,LaF,DMN,0,5,label,28
145,LaF,DMN,0,6,no_label,28
145,LaF,DMN,0,6,label,25
145,LaF,DMN,0,7,no_label,25
145,LaF,DMN,0,7,label,22
146,CR,BPN,0,0,no_label,30
146,CR,BPN,0,0,label,30
146,CR,BPN,0,1,no_label,30
146,CR,BPN,0,1,label,30
146,CR,BPN,0,2,no_label,30
146,CR,BPN,0,2,label,30
146,CR,BPN,0,3,no_label,30
146,CR,BPN,0,3,label,30
146,CR,BPN,0,4,no_label,30
146,CR,BPN,0,4,label,30
146,CR,BPN,0,5,no_label,30
146,CR,BPN,0,5,label,30
146,CR,BPN,0,6,no_label,30
146,CR,BPN,0,6,label,30
146,CR,BPN,0,7,no_label,28
146,CR,BPN,0,7,label,28
147,CR,DMN,0,0,no_label,30
147,CR,DMN,0,0,label,30
147,CR,DMN,0,1,no_label,30
147,CR,DMN,0,1,label,30
147,CR,DMN,0,2,no_label,30
147,CR,DMN,0,2,label,30
147,CR,DMN,0,3,no_label,30
147,CR,DMN,0,3,label,30
147,CR,DMN,0,4,no_label,30
147,CR,DMN,0,4,label,29
147,CR,DMN,0,5,no_label,27
147,CR,DMN,0,5,label,25
147,CR,DMN,0,6,no_label,23
147,CR,DMN,0,6,label,21
147,CR,DMN,0,7,no_label,20
147,CR,DMN,0,7,label,18
148,LaF,BPN,0,0,label,30
148,LaF,BPN,0,0,no_label,30
148,LaF,BPN,0,1,label,30
148,LaF,BPN,0,1,no_label,30
148,LaF,BPN,0,2,label,30
148,LaF,BPN,0,2,no_label,30
148,LaF,BPN,0,3,label,30
148,LaF,BPN,0,3,no_label,30
148,LaF,BPN,0,4,label,30
148,LaF,BPN,0,4,no_label,29
148,LaF,BPN,0,5,label,30
148,LaF,BPN,0,5,no_label,26
148,LaF,BPN,0,6,label,29
148,LaF,BPN,0,6,no_label,24
148,LaF,BPN,0,7,label,26
148,LaF,BPN,0,7,no_label,21
149,LaF,DMN,0,0,label,30
149,LaF,DMN,0,0,no_label,30
149,LaF,DMN,0,1,label,30
149,LaF,DMN,0,1,no_label,30
149,LaF,DMN,0,2,label,30
149,LaF,DMN,0,2,no_label,30
149,LaF,DMN,0,3,label,30
149,LaF,DMN,0,3,no_label,30
149,LaF,DMN,0,4,label,28
149,LaF,DMN,0,4,no_label,28
149,LaF,DMN,0,5,label,26
149,LaF,DMN,0,5,no_label,26
149,LaF,DMN,0,6,label,24
149,LaF,DMN,0,6,no_label,24
149,LaF,DMN,0,7,label,23
149,LaF,DMN,0,7,no_label,23
150,CR,BPN,0,0,label,30
150,CR,BPN,0,0,no_label,30
150,CR,BPN,0,1,label,30
150,CR,BPN,0,1,no_label,30
150,CR,BPN,0,2,label,30
150,CR,BPN,0,2,no_label,30
150,CR,BPN,0,3,label,29
150,CR,BPN,0,3,no_label,30
150,CR,BPN,0,4,label,27
150,CR,BPN,0,4,no_label,30
150,CR,BPN,0,5,label,25
150,CR,BPN,0,5,no_label,28
150,CR,BPN,0,6,label,23
150,CR,BPN,0,6,no_label,25
150,CR,BPN,0,7,label,21
150,CR,BPN,0,7,no_label,23
151,CR,DMN,0,0,label,30
151,CR,DMN,0,0,no_label,30
151,CR,DMN,0,1,label,30
151,CR,DMN,0,1,no_label,30
151,CR,DMN,0,2,label,30
151,CR,DMN,0,2,no_label,29
151,CR,DMN,0,3,label,28
151,CR,DMN,0,3,no_label,26
151,CR,DMN,0,4,label,25
151,CR,DMN,0,4,no_label,23
151,CR,DMN,0,5,label,22
151,CR,DMN,0,5,no_label,21
151,CR,DMN,0,6,label,19
151,CR,DMN,0,6,no_label,18
151,CR,DMN,0,7,label,17
151,CR,DMN,0,7,no_label,15
152,LaF,BPN,0,0,no_label,30
152,LaF,BPN,0,0,label,30
152,LaF,BPN,0,1,no_label,30
152,LaF,BPN,0,1,label,30
152,LaF,BPN,0,2,no_label,30
152,LaF,BPN,0,2,label,30
152,LaF,BPN,0,3,no_label,30
152,LaF,BPN,0,3,label,30
152,LaF,BPN,0,4,no_label,30
152,LaF,BPN,0,4,label,30
152,LaF,BPN,0,5,no_label,30
152,LaF,BPN,0,5,label,28
152,LaF,BPN,0,6,no_label,28
152,LaF,BPN,0,6,label,25
152,LaF,BPN,0,7,no_label,24
152,LaF,BPN,0,7,label,21
153,LaF,DMN,0,0,no_label,30
153,LaF,DMN,0,0,label,30
153,LaF,DMN,0,1,no_label,30
153,LaF,DMN,0,1,label,30
153,LaF,DMN,0,2,no_label,30
153,LaF,DMN,0,2,label,30
153,LaF,DMN,0,3,no_label,30
153,LaF,DMN,0,3,label,30
153,LaF,DMN,0,4,no_label,30
153,LaF,DMN,0,4,label,30
153,LaF,DMN,0,5,no_label,29
153,LaF,DMN,0,5,label,27
153,LaF,DMN,0,6,no_label,27
153,LaF,DMN,0,6,label,24
153,LaF,DMN,0,7,no_label,24
153,LaF,DMN,0,7,label,22
154,CR,BPN,0,0,no_label,30
154,CR,BPN,0,0,label,30
154,CR,BPN,0,1,no_label,30
154,CR,BPN,0,1,label,30
154,CR,BPN,0,2,no_label,30
154,CR,BPN,0,2,label,28
154,CR,BPN,0,3,no_label,30
154,CR,BPN,0,3,label,26
154,CR,BPN,0,4,no_label,30
154,CR,BPN,0,4,label,23
154,CR,BPN,0,5,no_label,28
154,CR,BPN,0,5,label,21
154,CR,BPN,0,6,no_label,25
154,CR,BPN,0,6,label,19
154,CR,BPN,0,7,no_label,22
154,CR,BPN,0,7,label,16
155,CR,DMN,0,0,no_label,30
155,CR,DMN,0,0,label,30
155,CR,DMN,0,1,no_label,30
155,CR,DMN,0,1,label,30
155,CR,DMN,0,2,no_label,30
155,CR,DMN,0,2,label,28
155,CR,DMN,0,3,no_label,30
155,CR,DMN,0,3,label,27
155,CR,DMN,0,4,no_label,28
155,CR,DMN,0,4,label,25
155,CR,DMN,0,5,no_label,26
155,CR,DMN,0,5,label,23
155,CR,DMN,0,6,no_label,24
155,CR,DMN,0,6,label,21
155,CR,DMN,0,7,no_label,22
155,CR,DMN,0,7,label,19
156,LaF,BPN,0,0,label,30
156,LaF,BPN,0,0,no_label,30
156,LaF,BPN,0,1,label,30
156,LaF,BPN,0,1,no_label,30
156,LaF,BPN,0,2,label,30
156,LaF,BPN,0,2,no_label,30
156,LaF,BPN,0,3,label,30
156,LaF,BPN,0,3,no_label,30
156,LaF,BPN,0,4,label,30
156,LaF,BPN,0,4,no_label,30
156,LaF,BPN,0,5,label,27
156,LaF,BPN,0,5,no_label,28
156,LaF,BPN,0,6,label,25
156,LaF,BPN,0,6,no_label,25
156,LaF,BPN,0,7,label,22
156,LaF,BPN,0,7,no_label,23
157,LaF,DMN,0,0,label,30
157,LaF,DMN,0,0,no_label,30
157,LaF,DMN,0,1,label,30
157,LaF,DMN,0,1,no_label,30
157,LaF,DMN,0,2,label,30
157,LaF,DMN,0,2,no_label,30
157,LaF,DMN,0,3,label,30
157,LaF,DMN,0,3,no_label,30
157,LaF,DMN,0,4,label,30
157,LaF,DMN,0,4,no_label,28
157,LaF,DMN,0,5,label,30
157,LaF,DMN,0,5,no_label,26
157,LaF,DMN,0,6,label,29
157,LaF,DMN,0,6,no_label,23
157,LaF,DMN,0,7,label,26
157,LaF,DMN,0,7,no_label,21
158,CR,BPN,0,0,label,30
158,CR,BPN,0,0,no_label,30
158,CR,BPN,0,1,label,30
158,CR,BPN,0,1,no_label,30
158,CR,BPN,0,2,label,30
158,CR,BPN,0,2,no_label,30
158,CR,BPN,0,3,label,29
158,CR,BPN,0,3,no_label,30
158,CR,BPN,0,4,label,26
158,CR,BPN,0,4,no_label,28
158,CR,BPN,0,5,label,23
158,CR,BPN,0,5,no_label,24
158,CR,BPN,0,6,label,20
158,CR,BPN,0,6,no_label,21
158,CR,BPN,0,7,label,17
158,CR,BPN,0,7,no_label,17
159,CR,DMN,0,0,label,30
159,CR,DMN,0,0,no_label,30
159,CR,DMN,0,1,label,30
159,CR,DMN,0,1,no_label,30
159,CR,DMN,0,2,label,30
159,CR,DMN,0,2,no_label,30
159,CR,DMN,0,3,label,30
159,CR,DMN,0,3,no_label,30
159,CR,DMN,0,4,label,30
159,CR,DMN,0,4,no_label,30
159,CR,DMN,0,5,label,29
159,CR,DMN,0,5,no_label,30
159,CR,DMN,0,6,label,25
159,CR,DMN,0,6,no_label,26
159,CR,DMN,0,7,label,22
159,CR,DMN,0,7,no_label,23
