subject,model,explo_overlap,trial,labelled,looking_time
1,LaF,0.25,0,label,22
1,LaF,0.25,0,no_label,21
1,LaF,0.25,1,label,20
1,LaF,0.25,1,no_label,19
1,LaF,0.25,2,label,18
1,LaF,0.25,2,no_label,17
1,LaF,0.25,3,label,16
1,LaF,0.25,3,no_label,15
1,LaF,0.25,4,label,14
1,LaF,0.25,4,no_label,13
1,LaF,0.25,5,label,12
1,LaF,0.25,5,no_label,11
1,LaF,0.25,6,label,10
1,LaF,0.25,6,no_label,9
1,LaF,0.25,7,label,8
1,LaF,0.25,7,no_label,7
2,LaF,0.25,0,no_label,22
2,LaF,0.25,0,label,23
2,LaF,0.25,1,no_label,22
2,LaF,0.25,1,label,22
2,LaF,0.25,2,no_label,20
2,LaF,0.25,2,label,19
2,LaF,0.25,3,no_label,18
2,LaF,0.25,3,label,17
2,LaF,0.25,4,no_label,16
2,LaF,0.25,4,label,15
2,LaF,0.25,5,no_label,14
2,LaF,0.25,5,label,13
2,LaF,0.25,6,no_label,12
2,LaF,0.25,6,label,11
2,LaF,0.25,7,no_label,10
2,LaF,0.25,7,label,9
3,LaF,0.25,0,label,21
3,LaF,0.25,0,no_label,22
3,LaF,0.25,1,label,21
3,LaF,0.25,1,no_label,21
3,LaF,0.25,2,label,19
3,LaF,0.25,2,no_label,19
3,LaF,0.25,3,label,17
3,LaF,0.25,3,no_label,17
3,LaF,0.25,4,label,15
3,LaF,0.25,4,no_label,15
3,LaF,0.25,5,label,13
3,LaF,0.25,5,no_label,13
3,LaF,0.25,6,label,11
3,LaF,0.25,6,no_label,11
3,LaF,0.25,7,label,9
3,LaF,0.25,7,no_label,8
4,LaF,0.25,0,no_label,21
4,LaF,0.25,0,label,23
4,LaF,0.25,1,no_label,21
4,LaF,0.25,1,label,21
4,LaF,0.25,2,no_label,20
4,LaF,0.25,2,label,19
4,LaF,0.25,3,no_label,18
4,LaF,0.25,3,label,18
4,LaF,0.25,4,no_label,16
4,LaF,0.25,4,label,16
4,LaF,0.25,5,no_label,15
4,LaF,0.25,5,label,14
4,LaF,0.25,6,no_label,13
4,LaF,0.25,6,label,12
4,LaF,0.25,7,no_label,11
4,LaF,0.25,7,label,10
5,LaF,0.25,0,label,21
5,LaF,0.25,0,no_label,23
5,LaF,0.25,1,label,20
5,LaF,0.25,1,no_label,21
5,LaF,0.25,2,label,19
5,LaF,0.25,2,no_label,19
5,LaF,0.25,3,label,17
5,LaF,0.25,3,no_label,17
5,LaF,0.25,4,label,15
5,LaF,0.25,4,no_label,15
5,LaF,0.25,5,label,13
5,LaF,0.25,5,no_label,13
5,LaF,0.25,6,label,11
5,LaF,0.25,6,no_label,11
5,LaF,0.25,7,label,10
5,LaF,0.25,7,no_label,9
6,LaF,0.25,0,no_label,22
6,LaF,0.25,0,label,22
6,LaF,0.25,1,no_label,21
6,LaF,0.25,1,label,21
6,LaF,0.25,2,no_label,19
6,LaF,0.25,2,label,19
6,LaF,0.25,3,no_label,17
6,LaF,0.25,3,label,17
6,LaF,0.25,4,no_label,15
6,LaF,0.25,4,label,15
6,LaF,0.25,5,no_label,13
6,LaF,0.25,5,label,13
6,LaF,0.25,6,no_label,11
6,LaF,0.25,6,label,10
6,LaF,0.25,7,no_label,9
6,LaF,0.25,7,label,8
7,LaF,0.25,0,label,22
7,LaF,0.25,0,no_label,23
7,LaF,0.25,1,label,22
7,LaF,0.25,1,no_label,21
7,LaF,0.25,2,label,21
7,LaF,0.25,2,no_label,20
7,LaF,0.25,3,label,19
7,LaF,0.25,3,no_label,18
7,LaF,0.25,4,label,17
7,LaF,0.25,4,no_label,15
7,LaF,0.25,5,label,14
7,LaF,0.25,5,no_label,13
7,LaF,0.25,6,label,12
7,LaF,0.25,6,no_label,11
7,LaF,0.25,7,label,10
7,LaF,0.25,7,no_label,9
8,LaF,0.25,0,no_label,23
8,LaF,0.25,0,label,21
8,LaF,0.25,1,no_label,23
8,LaF,0.25,1,label,20
8,LaF,0.25,2,no_label,21
8,LaF,0.25,2,label,18
8,LaF,0.25,3,no_label,19
8,LaF,0.25,3,label,17
8,LaF,0.25,4,no_label,17
8,LaF,0.25,4,label,14
8,LaF,0.25,5,no_label,14
8,LaF,0.25,5,label,12
8,LaF,0.25,6,no_label,12
8,LaF,0.25,6,label,10
8,LaF,0.25,7,no_label,10
8,LaF,0.25,7,label,8
9,LaF,0.25,0,label,21
9,LaF,0.25,0,no_label,21
9,LaF,0.25,1,label,22
9,LaF,0.25,1,no_label,20
9,LaF,0.25,2,label,20
9,LaF,0.25,2,no_label,18
9,LaF,0.25,3,label,18
9,LaF,0.25,3,no_label,16
9,LaF,0.25,4,label,16
9,LaF,0.25,4,no_label,14
9,LaF,0.25,5,label,14
9,LaF,0.25,5,no_label,12
9,LaF,0.25,6,label,12
9,LaF,0.25,6,no_label,10
9,LaF,0.25,7,label,9
9,LaF,0.25,7,no_label,8
10,LaF,0.25,0,no_label,22
10,LaF,0.25,0,label,21
10,LaF,0.25,1,no_label,21
10,LaF,0.25,1,label,20
10,LaF,0.25,2,no_label,19
10,LaF,0.25,2,label,18
10,LaF,0.25,3,no_label,17
10,LaF,0.25,3,label,16
10,LaF,0.25,4,no_label,16
10,LaF,0.25,4,label,14
10,LaF,0.25,5,no_label,14
10,LaF,0.25,5,label,12
10,LaF,0.25,6,no_label,12
10,LaF,0.25,6,label,11
10,LaF,0.25,7,no_label,10
10,LaF,0.25,7,label,9
11,LaF,0.25,0,label,20
11,LaF,0.25,0,no_label,23
11,LaF,0.25,1,label,21
11,LaF,0.25,1,no_label,21
11,LaF,0.25,2,label,20
11,LaF,0.25,2,no_label,19
11,LaF,0.25,3,label,18
11,LaF,0.25,3,no_label,17
11,LaF,0.25,4,label,16
11,LaF,0.25,4,no_label,15
11,LaF,0.25,5,label,14
11,LaF,0.25,5,no_label,14
11,LaF,0.25,6,label,13
11,LaF,0.25,6,no_label,12
11,LaF,0.25,7,label,11
11,LaF,0.25,7,no_label,10
12,LaF,0.25,0,no_label,22
12,LaF,0.25,0,label,24
12,LaF,0.25,1,no_label,21
12,LaF,0.25,1,label,22
12,LaF,0.25,2,no_label,19
12,LaF,0.25,2,label,20
12,LaF,0.25,3,no_label,17
12,LaF,0.25,3,label,17
12,LaF,0.25,4,no_label,15
12,LaF,0.25,4,label,15
12,LaF,0.25,5,no_label,13
12,LaF,0.25,5,label,13
12,LaF,0.25,6,no_label,11
12,LaF,0.25,6,label,11
12,LaF,0.25,7,no_label,9
12,LaF,0.25,7,label,9
13,LaF,0.25,0,label,22
13,LaF,0.25,0,no_label,22
13,LaF,0.25,1,label,21
13,LaF,0.25,1,no_label,21
13,LaF,0.25,2,label,20
13,LaF,0.25,2,no_label,19
13,LaF,0.25,3,label,18
13,LaF,0.25,3,no_label,17
13,LaF,0.25,4,label,16
13,LaF,0.25,4,no_label,15
13,LaF,0.25,5,label,14
13,LaF,0.25,5,no_label,13
13,LaF,0.25,6,label,12
13,LaF,0.25,6,no_label,11
13,LaF,0.25,7,label,10
13,LaF,0.25,7,no_label,9
14,LaF,0.25,0,no_label,22
14,LaF,0.25,0,label,23
14,LaF,0.25,1,no_label,22
14,LaF,0.25,1,label,21
14,LaF,0.25,2,no_label,21
14,LaF,0.25,2,label,20
14,LaF,0.25,3,no_label,19
14,LaF,0.25,3,label,18
14,LaF,0.25,4,no_label,17
14,LaF,0.25,4,label,15
14,LaF,0.25,5,no_label,15
14,LaF,0.25,5,label,13
14,LaF,0.25,6,no_label,13
14,LaF,0.25,6,label,11
14,LaF,0.25,7,no_label,11
14,LaF,0.25,7,label,9
15,LaF,0.25,0,label,21
15,LaF,0.25,0,no_label,22
15,LaF,0.25,1,label,21
15,LaF,0.25,1,no_label,20
15,LaF,0.25,2,label,19
15,LaF,0.25,2,no_label,18
15,LaF,0.25,3,label,17
15,LaF,0.25,3,no_label,16
15,LaF,0.25,4,label,15
15,LaF,0.25,4,no_label,14
15,LaF,0.25,5,label,13
15,LaF,0.25,5,no_label,12
15,LaF,0.25,6,label,11
15,LaF,0.25,6,no_label,10
15,LaF,0.25,7,label,9
15,LaF,0.25,7,no_label,8
16,LaF,0.25,0,no_label,23
16,LaF,0.25,0,label,22
16,LaF,0.25,1,no_label,22
16,LaF,0.25,1,label,20
16,LaF,0.25,2,no_label,20
16,LaF,0.25,2,label,19
16,LaF,0.25,3,no_label,18
16,LaF,0.25,3,label,17
16,LaF,0.25,4,no_label,16
16,LaF,0.25,4,label,14
16,LaF,0.25,5,no_label,14
16,LaF,0.25,5,label,12
16,LaF,0.25,6,no_label,11
16,LaF,0.25,6,label,10
16,LaF,0.25,7,no_label,9
16,LaF,0.25,7,label,8
17,LaF,0.25,0,label,21
17,LaF,0.25,0,no_label,22
17,LaF,0.25,1,label,20
17,LaF,0.25,1,no_label,20
17,LaF,0.25,2,label,19
17,LaF,0.25,2,no_label,18
17,LaF,0.25,3,label,17
17,LaF,0.25,3,no_label,16
17,LaF,0.25,4,label,15
17,LaF,0.25,4,no_label,14
17,LaF,0.25,5,label,13
17,LaF,0.25,5,no_label,12
17,LaF,0.25,6,label,11
17,LaF,0.25,6,no_label,11
17,LaF,0.25,7,label,10
17,LaF,0.25,7,no_label,9
18,LaF,0.25,0,no_label,22
18,LaF,0.25,0,label,24
18,LaF,0.25,1,no_label,22
18,LaF,0.25,1,label,23
18,LaF,0.25,2,no_label,20
18,LaF,0.25,2,label,21
18,LaF,0.25,3,no_label,18
18,LaF,0.25,3,label,19
18,LaF,0.25,4,no_label,16
18,LaF,0.25,4,label,16
18,LaF,0.25,5,no_label,14
18,LaF,0.25,5,label,14
18,LaF,0.25,6,no_label,12
18,LaF,0.25,6,label,12
18,LaF,0.25,7,no_label,10
18,LaF,0.25,7,label,10
19,LaF,0.25,0,label,21
19,LaF,0.25,0,no_label,23
19,LaF,0.25,1,label,20
19,LaF,0.25,1,no_label,21
19,LaF,0.25,2,label,19
19,LaF,0.25,2,no_label,19
19,LaF,0.25,3,label,17
19,LaF,0.25,3,no_label,17
19,LaF,0.25,4,label,15
19,LaF,0.25,4,no_label,15
19,LaF,0.25,5,label,14
19,LaF,0.25,5,no_label,14
19,LaF,0.25,6,label,12
19,LaF,0.25,6,no_label,12
19,LaF,0.25,7,label,10
19,LaF,0.25,7,no_label,10
20,LaF,0.25,0,no_label,22
20,LaF,0.25,0,label,20
20,LaF,0.25,1,no_label,20
20,LaF,0.25,1,label,19
20,LaF,0.25,2,no_label,19
20,LaF,0.25,2,label,17
20,LaF,0.25,3,no_label,17
20,LaF,0.25,3,label,15
20,LaF,0.25,4,no_label,15
20,LaF,0.25,4,label,14
20,LaF,0.25,5,no_label,13
20,LaF,0.25,5,label,12
20,LaF,0.25,6,no_label,12
20,LaF,0.25,6,label,10
20,LaF,0.25,7,no_label,10
20,LaF,0.25,7,label,8
21,LaF,0.25,0,label,23
21,LaF,0.25,0,no_label,24
21,LaF,0.25,1,label,22
21,LaF,0.25,1,no_label,22
21,LaF,0.25,2,label,20
21,LaF,0.25,2,no_label,20
21,LaF,0.25,3,label,18
21,LaF,0.25,3,no_label,18
21,LaF,0.25,4,label,16
21,LaF,0.25,4,no_label,16
21,LaF,0.25,5,label,14
21,LaF,0.25,5,no_label,13
21,LaF,0.25,6,label,11
21,LaF,0.25,6,no_label,11
21,LaF,0.25,7,label,9
21,LaF,0.25,7,no_label,9
22,LaF,0.25,0,no_label,24
22,LaF,0.25,0,label,23
22,LaF,0.25,1,no_label,22
22,LaF,0.25,1,label,20
22,LaF,0.25,2,no_label,20
22,LaF,0.25,2,label,18
22,LaF,0.25,3,no_label,18
22,LaF,0.25,3,label,16
22,LaF,0.25,4,no_label,15
22,LaF,0.25,4,label,14
22,LaF,0.25,5,no_label,13
22,LaF,0.25,5,label,11
22,LaF,0.25,6,no_label,11
22,LaF,0.25,6,label,9
22,LaF,0.25,7,no_label,9
22,LaF,0.25,7,label,7
23,LaF,0.25,0,label,23
23,LaF,0.25,0,no_label,22
23,LaF,0.25,1,label,22
23,LaF,0.25,1,no_label,20
23,LaF,0.25,2,label,20
23,LaF,0.25,2,no_label,19
23,LaF,0.25,3,label,18
23,LaF,0.25,3,no_label,17
23,LaF,0.25,4,label,16
23,LaF,0.25,4,no_label,15
23,LaF,0.25,5,label,14
23,LaF,0.25,5,no_label,13
23,LaF,0.25,6,label,12
23,LaF,0.25,6,no_label,11
23,LaF,0.25,7,label,10
23,LaF,0.25,7,no_label,9
24,LaF,0.25,0,no_label,22
24,LaF,0.25,0,label,21
24,LaF,0.25,1,no_label,20
24,LaF,0.25,1,label,19
24,LaF,0.25,2,no_label,18
24,LaF,0.25,2,label,17
24,LaF,0.25,3,no_label,16
24,LaF,0.25,3,label,15
24,LaF,0.25,4,no_label,14
24,LaF,0.25,4,label,13
24,LaF,0.25,5,no_label,12
24,LaF,0.25,5,label,11
24,LaF,0.25,6,no_label,10
24,LaF,0.25,6,label,9
24,LaF,0.25,7,no_label,8
24,LaF,0.25,7,label,8
25,LaF,0.375,0,label,20
25,LaF,0.375,0,no_label,23
25,LaF,0.375,1,label,20
25,LaF,0.375,1,no_label,21
25,LaF,0.375,2,label,19
25,LaF,0.375,2,no_label,19
25,LaF,0.375,3,label,17
25,LaF,0.375,3,no_label,17
25,LaF,0.375,4,label,15
25,LaF,0.375,4,no_label,15
25,LaF,0.375,5,label,13
25,LaF,0.375,5,no_label,13
25,LaF,0.375,6,label,11
25,LaF,0.375,6,no_label,11
25,LaF,0.375,7,label,10
25,LaF,0.375,7,no_label,9
26,LaF,0.375,0,no_label,21
26,LaF,0.375,0,label,21
26,LaF,0.375,1,no_label,21
26,LaF,0.375,1,label,19
26,LaF,0.375,2,no_label,19
26,LaF,0.375,2,label,18
26,LaF,0.375,3,no_label,18
26,LaF,0.375,3,label,16
26,LaF,0.375,4,no_label,16
26,LaF,0.375,4,label,14
26,LaF,0.375,5,no_label,14
26,LaF,0.375,5,label,12
26,LaF,0.375,6,no_label,12
26,LaF,0.375,6,label,10
26,LaF,0.375,7,no_label,10
26,LaF,0.375,7,label,9
27,LaF,0.375,0,label,23
27,LaF,0.375,0,no_label,23
27,LaF,0.375,1,label,22
27,LaF,0.375,1,no_label,21
27,LaF,0.375,2,label,20
27,LaF,0.375,2,no_label,19
27,LaF,0.375,3,label,18
27,LaF,0.375,3,no_label,16
27,LaF,0.375,4,label,16
27,LaF,0.375,4,no_label,14
27,LaF,0.375,5,label,14
27,LaF,0.375,5,no_label,12
27,LaF,0.375,6,label,11
27,LaF,0.375,6,no_label,10
27,LaF,0.375,7,label,9
27,LaF,0.375,7,no_label,8
28,LaF,0.375,0,no_label,21
28,LaF,0.375,0,label,22
28,LaF,0.375,1,no_label,21
28,LaF,0.375,1,label,20
28,LaF,0.375,2,no_label,19
28,LaF,0.375,2,label,19
28,LaF,0.375,3,no_label,18
28,LaF,0.375,3,label,17
28,LaF,0.375,4,no_label,16
28,LaF,0.375,4,label,15
28,LaF,0.375,5,no_label,14
28,LaF,0.375,5,label,13
28,LaF,0.375,6,no_label,12
28,LaF,0.375,6,label,11
28,LaF,0.375,7,no_label,10
28,LaF,0.375,7,label,9
29,LaF,0.375,0,label,23
29,LaF,0.375,0,no_label,23
29,LaF,0.375,1,label,22
29,LaF,0.375,1,no_label,21
29,LaF,0.375,2,label,20
29,LaF,0.375,2,no_label,19
29,LaF,0.375,3,label,18
29,LaF,0.375,3,no_label,16
29,LaF,0.375,4,label,16
29,LaF,0.375,4,no_label,14
29,LaF,0.375,5,label,14
29,LaF,0.375,5,no_label,12
29,LaF,0.375,6,label,11
29,LaF,0.375,6,no_label,10
29,LaF,0.375,7,label,9
29,LaF,0.375,7,no_label,8
30,LaF,0.375,0,no_label,24
30,LaF,0.375,0,label,22
30,LaF,0.375,1,no_label,23
30,LaF,0.375,1,label,20
30,LaF,0.375,2,no_label,21
30,LaF,0.375,2,label,18
30,LaF,0.375,3,no_label,18
30,LaF,0.375,3,label,16
30,LaF,0.375,4,no_label,16
30,LaF,0.375,4,label,14
30,LaF,0.375,5,no_label,14
30,LaF,0.375,5,label,12
30,LaF,0.375,6,no_label,12
30,LaF,0.375,6,label,10
30,LaF,0.375,7,no_label,10
30,LaF,0.375,7,label,8
31,LaF,0.375,0,label,21
31,LaF,0.375,0,no_label,22
31,LaF,0.375,1,label,21
31,LaF,0.375,1,no_label,20
31,LaF,0.375,2,label,20
31,LaF,0.375,2,no_label,19
31,LaF,0.375,3,label,18
31,LaF,0.375,3,no_label,17
31,LaF,0.375,4,label,16
31,LaF,0.375,4,no_label,15
31,LaF,0.375,5,label,14
31,LaF,0.375,5,no_label,13
31,LaF,0.375,6,label,12
31,LaF,0.375,6,no_label,11
31,LaF,0.375,7,label,10
31,LaF,0.375,7,no_label,9
32,LaF,0.375,0,no_label,22
32,LaF,0.375,0,label,22
32,LaF,0.375,1,no_label,22
32,LaF,0.375,1,label,21
32,LaF,0.375,2,no_label,20
32,LaF,0.375,2,label,19
32,LaF,0.375,3,no_label,19
32,LaF,0.375,3,label,17
32,LaF,0.375,4,no_label,17
32,LaF,0.375,4,label,15
32,LaF,0.375,5,no_label,15
32,LaF,0.375,5,label,13
32,LaF,0.375,6,no_label,13
32,LaF,0.375,6,label,11
32,LaF,0.375,7,no_label,11
32,LaF,0.375,7,label,10
33,LaF,0.375,0,label,22
33,LaF,0.375,0,no_label,20
33,LaF,0.375,1,label,21
33,LaF,0.375,1,no_label,19
33,LaF,0.375,2,label,19
33,LaF,0.375,2,no_label,17
33,LaF,0.375,3,label,18
33,LaF,0.375,3,no_label,15
33,LaF,0.375,4,label,16
33,LaF,0.375,4,no_label,14
33,LaF,0.375,5,label,14
33,LaF,0.375,5,no_label,12
33,LaF,0.375,6,label,12
33,LaF,0.375,6,no_label,10
33,LaF,0.375,7,label,10
33,LaF,0.375,7,no_label,8
34,LaF,0.375,0,no_label,22
34,LaF,0.375,0,label,23
34,LaF,0.375,1,no_label,22
34,LaF,0.375,1,label,21
34,LaF,0.375,2,no_label,20
34,LaF,0.375,2,label,19
34,LaF,0.375,3,no_label,18
34,LaF,0.375,3,label,17
34,LaF,0.375,4,no_label,16
34,LaF,0.375,4,label,15
34,LaF,0.375,5,no_label,14
34,LaF,0.375,5,label,13
34,LaF,0.375,6,no_label,12
34,LaF,0.375,6,label,11
34,LaF,0.375,7,no_label,10
34,LaF,0.375,7,label,9
35,LaF,0.375,0,label,22
35,LaF,0.375,0,no_label,20
35,LaF,0.375,1,label,21
35,LaF,0.375,1,no_label,19
35,LaF,0.375,2,label,19
35,LaF,0.375,2,no_label,18
35,LaF,0.375,3,label,18
35,LaF,0.375,3,no_label,16
35,LaF,0.375,4,label,16
35,LaF,0.375,4,no_label,14
35,LaF,0.375,5,label,14
35,LaF,0.375,5,no_label,12
35,LaF,0.375,6,label,12
35,LaF,0.375,6,no_label,10
35,LaF,0.375,7,label,10
35,LaF,0.375,7,no_label,9
36,LaF,0.375,0,no_label,20
36,LaF,0.375,0,label,21
36,LaF,0.375,1,no_label,20
36,LaF,0.375,1,label,20
36,LaF,0.375,2,no_label,19
36,LaF,0.375,2,label,19
36,LaF,0.375,3,no_label,17
36,LaF,0.375,3,label,17
36,LaF,0.375,4,no_label,15
36,LaF,0.375,4,label,15
36,LaF,0.375,5,no_label,14
36,LaF,0.375,5,label,13
36,LaF,0.375,6,no_label,12
36,LaF,0.375,6,label,12
36,LaF,0.375,7,no_label,10
36,LaF,0.375,7,label,10
37,LaF,0.375,0,label,21
37,LaF,0.375,0,no_label,23
37,LaF,0.375,1,label,21
37,LaF,0.375,1,no_label,21
37,LaF,0.375,2,label,20
37,LaF,0.375,2,no_label,19
37,LaF,0.375,3,label,18
37,LaF,0.375,3,no_label,17
37,LaF,0.375,4,label,16
37,LaF,0.375,4,no_label,15
37,LaF,0.375,5,label,14
37,LaF,0.375,5,no_label,13
37,LaF,0.375,6,label,12
37,LaF,0.375,6,no_label,11
37,LaF,0.375,7,label,10
37,LaF,0.375,7,no_label,9
38,LaF,0.375,0,no_label,22
38,LaF,0.375,0,label,21
38,LaF,0.375,1,no_label,21
38,LaF,0.375,1,label,19
38,LaF,0.375,2,no_label,19
38,LaF,0.375,2,label,17
38,LaF,0.375,3,no_label,17
38,LaF,0.375,3,label,15
38,LaF,0.375,4,no_label,15
38,LaF,0.375,4,label,13
38,LaF,0.375,5,no_label,13
38,LaF,0.375,5,label,11
38,LaF,0.375,6,no_label,11
38,LaF,0.375,6,label,10
38,LaF,0.375,7,no_label,9
38,LaF,0.375,7,label,8
39,LaF,0.375,0,label,21
39,LaF,0.375,0,no_label,21
39,LaF,0.375,1,label,20
39,LaF,0.375,1,no_label,20
39,LaF,0.375,2,label,19
39,LaF,0.375,2,no_label,18
39,LaF,0.375,3,label,17
39,LaF,0.375,3,no_label,16
39,LaF,0.375,4,label,15
39,LaF,0.375,4,no_label,14
39,LaF,0.375,5,label,13
39,LaF,0.375,5,no_label,12
39,LaF,0.375,6,label,11
39,LaF,0.375,6,no_label,10
39,LaF,0.375,7,label,10
39,LaF,0.375,7,no_label,8
40,LaF,0.375,0,no_label,22
40,LaF,0.375,0,label,23
40,LaF,0.375,1,no_label,21
40,LaF,0.375,1,label,21
40,LaF,0.375,2,no_label,19
40,LaF,0.375,2,label,19
40,LaF,0.375,3,no_label,17
40,LaF,0.375,3,label,16
40,LaF,0.375,4,no_label,15
40,LaF,0.375,4,label,14
40,LaF,0.375,5,no_label,12
40,LaF,0.375,5,label,11
40,LaF,0.375,6,no_label,10
40,LaF,0.375,6,label,9
40,LaF,0.375,7,no_label,8
40,LaF,0.375,7,label,7
41,LaF,0.375,0,label,22
41,LaF,0.375,0,no_label,23
41,LaF,0.375,1,label,21
41,LaF,0.375,1,no_label,21
41,LaF,0.375,2,label,19
41,LaF,0.375,2,no_label,19
41,LaF,0.375,3,label,17
41,LaF,0.375,3,no_label,16
41,LaF,0.375,4,label,15
41,LaF,0.375,4,no_label,14
41,LaF,0.375,5,label,12
41,LaF,0.375,5,no_label,12
41,LaF,0.375,6,label,10
41,LaF,0.375,6,no_label,9
41,LaF,0.375,7,label,8
41,LaF,0.375,7,no_label,7
42,LaF,0.375,0,no_label,22
42,LaF,0.375,0,label,23
42,LaF,0.375,1,no_label,21
42,LaF,0.375,1,label,21
42,LaF,0.375,2,no_label,20
42,LaF,0.375,2,label,19
42,LaF,0.375,3,no_label,18
42,LaF,0.375,3,label,17
42,LaF,0.375,4,no_label,16
42,LaF,0.375,4,label,15
42,LaF,0.375,5,no_label,13
42,LaF,0.375,5,label,13
42,LaF,0.375,6,no_label,11
42,LaF,0.375,6,label,11
42,LaF,0.375,7,no_label,9
42,LaF,0.375,7,label,8
43,LaF,0.375,0,label,20
43,LaF,0.375,0,no_label,22
43,LaF,0.375,1,label,20
43,LaF,0.375,1,no_label,20
43,LaF,0.375,2,label,19
43,LaF,0.375,2,no_label,19
43,LaF,0.375,3,label,17
43,LaF,0.375,3,no_label,17
43,LaF,0.375,4,label,16
43,LaF,0.375,4,no_label,15
43,LaF,0.375,5,label,14
43,LaF,0.375,5,no_label,13
43,LaF,0.375,6,label,12
43,LaF,0.375,6,no_label,11
43,LaF,0.375,7,label,10
43,LaF,0.375,7,no_label,9
44,LaF,0.375,0,no_label,22
44,LaF,0.375,0,label,23
44,LaF,0.375,1,no_label,21
44,LaF,0.375,1,label,20
44,LaF,0.375,2,no_label,19
44,LaF,0.375,2,label,18
44,LaF,0.375,3,no_label,17
44,LaF,0.375,3,label,16
44,LaF,0.375,4,no_label,14
44,LaF,0.375,4,label,13
44,LaF,0.375,5,no_label,12
44,LaF,0.375,5,label,11
44,LaF,0.375,6,no_label,10
44,LaF,0.375,6,label,9
44,LaF,0.375,7,no_label,8
44,LaF,0.375,7,label,6
45,LaF,0.375,0,label,19
45,LaF,0.375,0,no_label,22
45,LaF,0.375,1,label,20
45,LaF,0.375,1,no_label,21
45,LaF,0.375,2,label,18
45,LaF,0.375,2,no_label,19
45,LaF,0.375,3,label,17
45,LaF,0.375,3,no_label,18
45,LaF,0.375,4,label,15
45,LaF,0.375,4,no_label,16
45,LaF,0.375,5,label,13
45,LaF,0.375,5,no_label,14
45,LaF,0.375,6,label,12
45,LaF,0.375,6,no_label,12
45,LaF,0.375,7,label,10
45,LaF,0.375,7,no_label,10
46,LaF,0.375,0,no_label,22
46,LaF,0.375,0,label,23
46,LaF,0.375,1,no_label,21
46,LaF,0.375,1,label,21
46,LaF,0.375,2,no_label,19
46,LaF,0.375,2,label,19
46,LaF,0.375,3,no_label,17
46,LaF,0.375,3,label,17
46,LaF,0.375,4,no_label,15
46,LaF,0.375,4,label,15
46,LaF,0.375,5,no_label,13
46,LaF,0.375,5,label,13
46,LaF,0.375,6,no_label,11
46,LaF,0.375,6,label,11
46,LaF,0.375,7,no_label,9
46,LaF,0.375,7,label,9
47,LaF,0.375,0,label,22
47,LaF,0.375,0,no_label,22
47,LaF,0.375,1,label,21
47,LaF,0.375,1,no_label,21
47,LaF,0.375,2,label,20
47,LaF,0.375,2,no_label,19
47,LaF,0.375,3,label,18
47,LaF,0.375,3,no_label,17
47,LaF,0.375,4,label,17
47,LaF,0.375,4,no_label,15
47,LaF,0.375,5,label,15
47,LaF,0.375,5,no_label,13
47,LaF,0.375,6,label,13
47,LaF,0.375,6,no_label,11
47,LaF,0.375,7,label,11
47,LaF,0.375,7,no_label,9
48,LaF,0.375,0,no_label,22
48,LaF,0.375,0,label,21
48,LaF,0.375,1,no_label,21
48,LaF,0.375,1,label,20
48,LaF,0.375,2,no_label,19
48,LaF,0.375,2,label,18
48,LaF,0.375,3,no_label,18
48,LaF,0.375,3,label,16
48,LaF,0.375,4,no_label,16
48,LaF,0.375,4,label,14
48,LaF,0.375,5,no_label,14
48,LaF,0.375,5,label,12
48,LaF,0.375,6,no_label,12
48,LaF,0.375,6,label,11
48,LaF,0.375,7,no_label,10
48,LaF,0.375,7,label,9
49,LaF,0.5,0,label,20
49,LaF,0.5,0,no_label,23
49,LaF,0.5,1,label,20
49,LaF,0.5,1,no_label,21
49,LaF,0.5,2,label,19
49,LaF,0.5,2,no_label,19
49,LaF,0.5,3,label,17
49,LaF,0.5,3,no_label,17
49,LaF,0.5,4,label,15
49,LaF,0.5,4,no_label,15
49,LaF,0.5,5,label,13
49,LaF,0.5,5,no_label,13
49,LaF,0.5,6,label,11
49,LaF,0.5,6,no_label,11
49,LaF,0.5,7,label,10
49,LaF,0.5,7,no_label,9
50,LaF,0.5,0,no_label,21
50,LaF,0.5,0,label,21
50,LaF,0.5,1,no_label,21
50,LaF,0.5,1,label,19
50,LaF,0.5,2,no_label,19
50,LaF,0.5,2,label,18
50,LaF,0.5,3,no_label,18
50,LaF,0.5,3,label,16
50,LaF,0.5,4,no_label,16
50,LaF,0.5,4,label,14
50,LaF,0.5,5,no_label,14
50,LaF,0.5,5,label,12
50,LaF,0.5,6,no_label,12
50,LaF,0.5,6,label,10
50,LaF,0.5,7,no_label,10
50,LaF,0.5,7,label,9
51,LaF,0.5,0,label,23
51,LaF,0.5,0,no_label,23
51,LaF,0.5,1,label,22
51,LaF,0.5,1,no_label,21
51,LaF,0.5,2,label,20
51,LaF,0.5,2,no_label,19
51,LaF,0.5,3,label,18
51,LaF,0.5,3,no_label,16
51,LaF,0.5,4,label,16
51,LaF,0.5,4,no_label,14
51,LaF,0.5,5,label,14
51,LaF,0.5,5,no_label,12
51,LaF,0.5,6,label,11
51,LaF,0.5,6,no_label,10
51,LaF,0.5,7,label,9
51,LaF,0.5,7,no_label,8
52,LaF,0.5,0,no_label,21
52,LaF,0.5,0,label,22
52,LaF,0.5,1,no_label,21
52,LaF,0.5,1,label,20
52,LaF,0.5,2,no_label,19
52,LaF,0.5,2,label,19
52,LaF,0.5,3,no_label,18
52,LaF,0.5,3,label,17
52,LaF,0.5,4,no_label,16
52,LaF,0.5,4,label,15
52,LaF,0.5,5,no_label,14
52,LaF,0.5,5,label,13
52,LaF,0.5,6,no_label,12
52,LaF,0.5,6,label,11
52,LaF,0.5,7,no_label,10
52,LaF,0.5,7,label,9
53,LaF,0.5,0,label,23
53,LaF,0.5,0,no_label,23
53,LaF,0.5,1,label,22
53,LaF,0.5,1,no_label,21
53,LaF,0.5,2,label,20
53,LaF,0.5,2,no_label,19
53,LaF,0.5,3,label,18
53,LaF,0.5,3,no_label,16
53,LaF,0.5,4,label,16
53,LaF,0.5,4,no_label,14
53,LaF,0.5,5,label,14
53,LaF,0.5,5,no_label,12
53,LaF,0.5,6,label,11
53,LaF,0.5,6,no_label,10
53,LaF,0.5,7,label,9
53,LaF,0.5,7,no_label,8
54,LaF,0.5,0,no_label,24
54,LaF,0.5,0,label,22
54,LaF,0.5,1,no_label,23
54,LaF,0.5,1,label,20
54,LaF,0.5,2,no_label,21
54,LaF,0.5,2,label,18
54,LaF,0.5,3,no_label,18
54,LaF,0.5,3,label,16
54,LaF,0.5,4,no_label,16
54,LaF,0.5,4,label,14
54,LaF,0.5,5,no_label,14
54,LaF,0.5,5,label,12
54,LaF,0.5,6,no_label,12
54,LaF,0.5,6,label,10
54,LaF,0.5,7,no_label,10
54,LaF,0.5,7,label,8
55,LaF,0.5,0,label,21
55,LaF,0.5,0,no_label,22
55,LaF,0.5,1,label,21
55,LaF,0.5,1,no_label,20
55,LaF,0.5,2,label,20
55,LaF,0.5,2,no_label,19
55,LaF,0.5,3,label,18
55,LaF,0.5,3,no_label,17
55,LaF,0.5,4,label,16
55,LaF,0.5,4,no_label,15
55,LaF,0.5,5,label,14
55,LaF,0.5,5,no_label,13
55,LaF,0.5,6,label,12
55,LaF,0.5,6,no_label,11
55,LaF,0.5,7,label,10
55,LaF,0.5,7,no_label,9
56,LaF,0.5,0,no_label,22
56,LaF,0.5,0,label,22
56,LaF,0.5,1,no_label,22
56,LaF,0.5,1,label,21
56,LaF,0.5,2,no_label,20
56,LaF,0.5,2,label,19
56,LaF,0.5,3,no_label,19
56,LaF,0.5,3,label,17
56,LaF,0.5,4,no_label,17
56,LaF,0.5,4,label,15
56,LaF,0.5,5,no_label,15
56,LaF,0.5,5,label,13
56,LaF,0.5,6,no_label,13
56,LaF,0.5,6,label,11
56,LaF,0.5,7,no_label,11
56,LaF,0.5,7,label,10
57,LaF,0.5,0,label,22
57,LaF,0.5,0,no_label,20
57,LaF,0.5,1,label,21
57,LaF,0.5,1,no_label,19
57,LaF,0.5,2,label,19
57,LaF,0.5,2,no_label,17
57,LaF,0.5,3,label,18
57,LaF,0.5,3,no_label,15
57,LaF,0.5,4,label,16
57,LaF,0.5,4,no_label,14
57,LaF,0.5,5,label,14
57,LaF,0.5,5,no_label,12
57,LaF,0.5,6,label,12
57,LaF,0.5,6,no_label,10
57,LaF,0.5,7,label,10
57,LaF,0.5,7,no_label,8
58,LaF,0.5,0,no_label,22
58,LaF,0.5,0,label,23
58,LaF,0.5,1,no_label,22
58,LaF,0.5,1,label,21
58,LaF,0.5,2,no_label,20
58,LaF,0.5,2,label,19
58,LaF,0.5,3,no_label,18
58,LaF,0.5,3,label,17
58,LaF,0.5,4,no_label,16
58,LaF,0.5,4,label,15
58,LaF,0.5,5,no_label,14
58,LaF,0.5,5,label,13
58,LaF,0.5,6,no_label,12
58,LaF,0.5,6,label,11
58,LaF,0.5,7,no_label,10
58,LaF,0.5,7,label,9
59,LaF,0.5,0,label,22
59,LaF,0.5,0,no_label,20
59,LaF,0.5,1,label,21
59,LaF,0.5,1,no_label,19
59,LaF,0.5,2,label,19
59,LaF,0.5,2,no_label,18
59,LaF,0.5,3,label,18
59,LaF,0.5,3,no_label,16
59,LaF,0.5,4,label,16
59,LaF,0.5,4,no_label,14
59,LaF,0.5,5,label,14
59,LaF,0.5,5,no_label,12
59,LaF,0.5,6,label,12
59,LaF,0.5,6,no_label,10
59,LaF,0.5,7,label,10
59,LaF,0.5,7,no_label,9
60,LaF,0.5,0,no_label,20
60,LaF,0.5,0,label,21
60,LaF,0.5,1,no_label,20
60,LaF,0.5,1,label,20
60,LaF,0.5,2,no_label,19
60,LaF,0.5,2,label,19
60,LaF,0.5,3,no_label,17
60,LaF,0.5,3,label,17
60,LaF,0.5,4,no_label,15
60,LaF,0.5,4,label,15
60,LaF,0.5,5,no_label,14
60,LaF,0.5,5,label,13
60,LaF,0.5,6,no_label,12
60,LaF,0.5,6,label,12
60,LaF,0.5,7,no_label,10
60,LaF,0.5,7,label,10
61,LaF,0.5,0,label,21
61,LaF,0.5,0,no_label,23
61,LaF,0.5,1,label,21
61,LaF,0.5,1,no_label,21
61,LaF,0.5,2,label,20
61,LaF,0.5,2,no_label,19
61,LaF,0.5,3,label,18
61,LaF,0.5,3,no_label,17
61,LaF,0.5,4,label,16
61,LaF,0.5,4,no_label,15
61,LaF,0.5,5,label,14
61,LaF,0.5,5,no_label,13
61,LaF,0.5,6,label,12
61,LaF,0.5,6,no_label,11
61,LaF,0.5,7,label,10
61,LaF,0.5,7,no_label,9
62,LaF,0.5,0,no_label,22
62,LaF,0.5,0,label,21
62,LaF,0.5,1,no_label,21
62,LaF,0.5,1,label,19
62,LaF,0.5,2,no_label,19
62,LaF,0.5,2,label,17
62,LaF,0.5,3,no_label,17
62,LaF,0.5,3,label,15
62,LaF,0.5,4,no_label,15
62,LaF,0.5,4,label,13
62,LaF,0.5,5,no_label,13
62,LaF,0.5,5,label,11
62,LaF,0.5,6,no_label,11
62,LaF,0.5,6,label,10
62,LaF,0.5,7,no_label,9
62,LaF,0.5,7,label,8
63,LaF,0.5,0,label,21
63,LaF,0.5,0,no_label,21
63,LaF,0.5,1,label,20
63,LaF,0.5,1,no_label,20
63,LaF,0.5,2,label,19
63,LaF,0.5,2,no_label,18
63,LaF,0.5,3,label,17
63,LaF,0.5,3,no_label,16
63,LaF,0.5,4,label,15
63,LaF,0.5,4,no_label,14
63,LaF,0.5,5,label,13
63,LaF,0.5,5,no_label,12
63,LaF,0.5,6,label,11
63,LaF,0.5,6,no_label,10
63,LaF,0.5,7,label,10
63,LaF,0.5,7,no_label,8
64,LaF,0.5,0,no_label,22
64,LaF,0.5,0,label,23
64,LaF,0.5,1,no_label,21
64,LaF,0.5,1,label,21
64,LaF,0.5,2,no_label,19
64,LaF,0.5,2,label,19
64,LaF,0.5,3,no_label,17
64,LaF,0.5,3,label,16
64,LaF,0.5,4,no_label,15
64,LaF,0.5,4,label,14
64,LaF,0.5,5,no_label,12
64,LaF,0.5,5,label,11
64,LaF,0.5,6,no_label,10
64,LaF,0.5,6,label,9
64,LaF,0.5,7,no_label,8
64,LaF,0.5,7,label,7
65,LaF,0.5,0,label,22
65,LaF,0.5,0,no_label,23
65,LaF,0.5,1,label,21
65,LaF,0.5,1,no_label,21
65,LaF,0.5,2,label,19
65,LaF,0.5,2,no_label,19
65,LaF,0.5,3,label,17
65,LaF,0.5,3,no_label,16
65,LaF,0.5,4,label,15
65,LaF,0.5,4,no_label,14
65,LaF,0.5,5,label,12
65,LaF,0.5,5,no_label,12
65,LaF,0.5,6,label,10
65,LaF,0.5,6,no_label,9
65,LaF,0.5,7,label,8
65,LaF,0.5,7,no_label,7
66,LaF,0.5,0,no_label,22
66,LaF,0.5,0,label,23
66,LaF,0.5,1,no_label,21
66,LaF,0.5,1,label,21
66,LaF,0.5,2,no_label,20
66,LaF,0.5,2,label,19
66,LaF,0.5,3,no_label,18
66,LaF,0.5,3,label,17
66,LaF,0.5,4,no_label,16
66,LaF,0.5,4,label,15
66,LaF,0.5,5,no_label,13
66,LaF,0.5,5,label,13
66,LaF,0.5,6,no_label,11
66,LaF,0.5,6,label,11
66,LaF,0.5,7,no_label,9
66,LaF,0.5,7,label,8
67,LaF,0.5,0,label,20
67,LaF,0.5,0,no_label,22
67,LaF,0.5,1,label,20
67,LaF,0.5,1,no_label,20
67,LaF,0.5,2,label,19
67,LaF,0.5,2,no_label,19
67,LaF,0.5,3,label,17
67,LaF,0.5,3,no_label,17
67,LaF,0.5,4,label,16
67,LaF,0.5,4,no_label,15
67,LaF,0.5,5,label,14
67,LaF,0.5,5,no_label,13
67,LaF,0.5,6,label,12
67,LaF,0.5,6,no_label,11
67,LaF,0.5,7,label,10
67,LaF,0.5,7,no_label,9
68,LaF,0.5,0,no_label,22
68,LaF,0.5,0,label,23
68,LaF,0.5,1,no_label,21
68,LaF,0.5,1,label,20
68,LaF,0.5,2,no_label,19
68,LaF,0.5,2,label,18
68,LaF,0.5,3,no_label,17
68,LaF,0.5,3,label,16
68,LaF,0.5,4,no_label,14
68,LaF,0.5,4,label,13
68,LaF,0.5,5,no_label,12
68,LaF,0.5,5,label,11
68,LaF,0.5,6,no_label,10
68,LaF,0.5,6,label,9
68,LaF,0.5,7,no_label,8
68,LaF,0.5,7,label,6
69,LaF,0.5,0,label,19
69,LaF,0.5,0,no_label,22
69,LaF,0.5,1,label,20
69,LaF,0.5,1,no_label,21
69,LaF,0.5,2,label,18
69,LaF,0.5,2,no_label,19
69,LaF,0.5,3,label,17
69,LaF,0.5,3,no_label,18
69,LaF,0.5,4,label,15
69,LaF,0.5,4,no_label,16
69,LaF,0.5,5,label,13
69,LaF,0.5,5,no_label,14
69,LaF,0.5,6,label,12
69,LaF,0.5,6,no_label,12
69,LaF,0.5,7,label,10
69,LaF,0.5,7,no_label,10
70,LaF,0.5,0,no_label,22
70,LaF,0.5,0,label,23
70,LaF,0.5,1,no_label,21
70,LaF,0.5,1,label,21
70,LaF,0.5,2,no_label,19
70,LaF,0.5,2,label,19
70,LaF,0.5,3,no_label,17
70,LaF,0.5,3,label,17
70,LaF,0.5,4,no_label,15
70,LaF,0.5,4,label,15
70,LaF,0.5,5,no_label,13
70,LaF,0.5,5,label,13
70,LaF,0.5,6,no_label,11
70,LaF,0.5,6,label,11
70,LaF,0.5,7,no_label,9
70,LaF,0.5,7,label,9
71,LaF,0.5,0,label,22
71,LaF,0.5,0,no_label,22
71,LaF,0.5,1,label,21
71,LaF,0.5,1,no_label,21
71,LaF,0.5,2,label,20
71,LaF,0.5,2,no_label,19
71,LaF,0.5,3,label,18
71,LaF,0.5,3,no_label,17
71,LaF,0.5,4,label,17
71,LaF,0.5,4,no_label,15
71,LaF,0.5,5,label,15
71,LaF,0.5,5,no_label,13
71,LaF,0.5,6,label,13
71,LaF,0.5,6,no_label,11
71,LaF,0.5,7,label,11
71,LaF,0.5,7,no_label,9
72,LaF,0.5,0,no_label,22
72,LaF,0.5,0,label,21
72,LaF,0.5,1,no_label,21
72,LaF,0.5,1,label,20
72,LaF,0.5,2,no_label,19
72,LaF,0.5,2,label,18
72,LaF,0.5,3,no_label,18
72,LaF,0.5,3,label,16
72,LaF,0.5,4,no_label,16
72,LaF,0.5,4,label,14
72,LaF,0.5,5,no_label,14
72,LaF,0.5,5,label,12
72,LaF,0.5,6,no_label,12
72,LaF,0.5,6,label,11
72,LaF,0.5,7,no_label,10
72,LaF,0.5,7,label,9
73,LaF,0.625,0,label,19
73,LaF,0.625,0,no_label,22
73,LaF,0.625,1,label,19
73,LaF,0.625,1,no_label,20
73,LaF,0.625,2,label,18
73,LaF,0.625,2,no_label,18
73,LaF,0.625,3,label,16
73,LaF,0.625,3,no_label,17
73,LaF,0.625,4,label,15
73,LaF,0.625,4,no_label,15
73,LaF,0.625,5,label,13
73,LaF,0.625,5,no_label,13
73,LaF,0.625,6,label,11
73,LaF,0.625,6,no_label,11
73,LaF,0.625,7,label,10
73,LaF,0.625,7,no_label,9
74,LaF,0.625,0,no_label,22
74,LaF,0.625,0,label,20
74,LaF,0.625,1,no_label,21
74,LaF,0.625,1,label,18
74,LaF,0.625,2,no_label,19
74,LaF,0.625,2,label,17
74,LaF,0.625,3,no_label,17
74,LaF,0.625,3,label,15
74,LaF,0.625,4,no_label,16
74,LaF,0.625,4,label,14
74,LaF,0.625,5,no_label,14
74,LaF,0.625,5,label,12
74,LaF,0.625,6,no_label,12
74,LaF,0.625,6,label,10
74,LaF,0.625,7,no_label,10
74,LaF,0.625,7,label,8
75,LaF,0.625,0,label,23
75,LaF,0.625,0,no_label,22
75,LaF,0.625,1,label,22
75,LaF,0.625,1,no_label,20
75,LaF,0.625,2,label,20
75,LaF,0.625,2,no_label,18
75,LaF,0.625,3,label,18
75,LaF,0.625,3,no_label,16
75,LaF,0.625,4,label,16
75,LaF,0.625,4,no_label,14
75,LaF,0.625,5,label,13
75,LaF,0.625,5,no_label,11
75,LaF,0.625,6,label,11
75,LaF,0.625,6,no_label,9
75,LaF,0.625,7,label,9
75,LaF,0.625,7,no_label,7
76,LaF,0.625,0,no_label,22
76,LaF,0.625,0,label,21
76,LaF,0.625,1,no_label,22
76,LaF,0.625,1,label,19
76,LaF,0.625,2,no_label,21
76,LaF,0.625,2,label,18
76,LaF,0.625,3,no_label,19
76,LaF,0.625,3,label,16
76,LaF,0.625,4,no_label,17
76,LaF,0.625,4,label,14
76,LaF,0.625,5,no_label,15
76,LaF,0.625,5,label,12
76,LaF,0.625,6,no_label,13
76,LaF,0.625,6,label,10
76,LaF,0.625,7,no_label,11
76,LaF,0.625,7,label,9
77,LaF,0.625,0,label,22
77,LaF,0.625,0,no_label,24
77,LaF,0.625,1,label,20
77,LaF,0.625,1,no_label,22
77,LaF,0.625,2,label,18
77,LaF,0.625,2,no_label,19
77,LaF,0.625,3,label,16
77,LaF,0.625,3,no_label,17
77,LaF,0.625,4,label,14
77,LaF,0.625,4,no_label,14
77,LaF,0.625,5,label,12
77,LaF,0.625,5,no_label,12
77,LaF,0.625,6,label,10
77,LaF,0.625,6,no_label,9
77,LaF,0.625,7,label,8
77,LaF,0.625,7,no_label,7
78,LaF,0.625,0,no_label,21
78,LaF,0.625,0,label,22
78,LaF,0.625,1,no_label,21
78,LaF,0.625,1,label,20
78,LaF,0.625,2,no_label,19
78,LaF,0.625,2,label,18
78,LaF,0.625,3,no_label,17
78,LaF,0.625,3,label,16
78,LaF,0.625,4,no_label,15
78,LaF,0.625,4,label,14
78,LaF,0.625,5,no_label,13
78,LaF,0.625,5,label,12
78,LaF,0.625,6,no_label,11
78,LaF,0.625,6,label,10
78,LaF,0.625,7,no_label,9
78,LaF,0.625,7,label,8
79,LaF,0.625,0,label,23
79,LaF,0.625,0,no_label,22
79,LaF,0.625,1,label,22
79,LaF,0.625,1,no_label,21
79,LaF,0.625,2,label,20
79,LaF,0.625,2,no_label,18
79,LaF,0.625,3,label,18
79,LaF,0.625,3,no_label,16
79,LaF,0.625,4,label,15
79,LaF,0.625,4,no_label,14
79,LaF,0.625,5,label,13
79,LaF,0.625,5,no_label,11
79,LaF,0.625,6,label,10
79,LaF,0.625,6,no_label,9
79,LaF,0.625,7,label,8
79,LaF,0.625,7,no_label,7
80,LaF,0.625,0,no_label,22
80,LaF,0.625,0,label,20
80,LaF,0.625,1,no_label,22
80,LaF,0.625,1,label,19
80,LaF,0.625,2,no_label,20
80,LaF,0.625,2,label,17
80,LaF,0.625,3,no_label,18
80,LaF,0.625,3,label,15
80,LaF,0.625,4,no_label,15
80,LaF,0.625,4,label,13
80,LaF,0.625,5,no_label,13
80,LaF,0.625,5,label,11
80,LaF,0.625,6,no_label,11
80,LaF,0.625,6,label,9
80,LaF,0.625,7,no_label,9
80,LaF,0.625,7,label,7
81,LaF,0.625,0,label,20
81,LaF,0.625,0,no_label,21
81,LaF,0.625,1,label,20
81,LaF,0.625,1,no_label,20
81,LaF,0.625,2,label,19
81,LaF,0.625,2,no_label,18
81,LaF,0.625,3,label,17
81,LaF,0.625,3,no_label,16
81,LaF,0.625,4,label,15
81,LaF,0.625,4,no_label,14
81,LaF,0.625,5,label,13
81,LaF,0.625,5,no_label,12
81,LaF,0.625,6,label,11
81,LaF,0.625,6,no_label,10
81,LaF,0.625,7,label,9
81,LaF,0.625,7,no_label,8
82,LaF,0.625,0,no_label,24
82,LaF,0.625,0,label,22
82,LaF,0.625,1,no_label,22
82,LaF,0.625,1,label,20
82,LaF,0.625,2,no_label,21
82,LaF,0.625,2,label,19
82,LaF,0.625,3,no_label,19
82,LaF,0.625,3,label,17
82,LaF,0.625,4,no_label,16
82,LaF,0.625,4,label,15
82,LaF,0.625,5,no_label,14
82,LaF,0.625,5,label,13
82,LaF,0.625,6,no_label,12
82,LaF,0.625,6,label,11
82,LaF,0.625,7,no_label,10
82,LaF,0.625,7,label,9
83,LaF,0.625,0,label,21
83,LaF,0.625,0,no_label,21
83,LaF,0.625,1,label,21
83,LaF,0.625,1,no_label,19
83,LaF,0.625,2,label,19
83,LaF,0.625,2,no_label,17
83,LaF,0.625,3,label,17
83,LaF,0.625,3,no_label,15
83,LaF,0.625,4,label,15
83,LaF,0.625,4,no_label,13
83,LaF,0.625,5,label,13
83,LaF,0.625,5,no_label,11
83,LaF,0.625,6,label,10
83,LaF,0.625,6,no_label,9
83,LaF,0.625,7,label,8
83,LaF,0.625,7,no_label,7
84,LaF,0.625,0,no_label,24
84,LaF,0.625,0,label,23
84,LaF,0.625,1,no_label,22
84,LaF,0.625,1,label,21
84,LaF,0.625,2,no_label,19
84,LaF,0.625,2,label,18
84,LaF,0.625,3,no_label,17
84,LaF,0.625,3,label,16
84,LaF,0.625,4,no_label,15
84,LaF,0.625,4,label,13
84,LaF,0.625,5,no_label,12
84,LaF,0.625,5,label,11
84,LaF,0.625,6,no_label,10
84,LaF,0.625,6,label,9
84,LaF,0.625,7,no_label,8
84,LaF,0.625,7,label,7
85,LaF,0.625,0,label,23
85,LaF,0.625,0,no_label,21
85,LaF,0.625,1,label,22
85,LaF,0.625,1,no_label,20
85,LaF,0.625,2,label,20
85,LaF,0.625,2,no_label,18
85,LaF,0.625,3,label,18
85,LaF,0.625,3,no_label,16
85,LaF,0.625,4,label,16
85,LaF,0.625,4,no_label,14
85,LaF,0.625,5,label,14
85,LaF,0.625,5,no_label,12
85,LaF,0.625,6,label,12
85,LaF,0.625,6,no_label,11
85,LaF,0.625,7,label,10
85,LaF,0.625,7,no_label,9
86,LaF,0.625,0,no_label,23
86,LaF,0.625,0,label,22
86,LaF,0.625,1,no_label,22
86,LaF,0.625,1,label,20
86,LaF,0.625,2,no_label,20
86,LaF,0.625,2,label,18
86,LaF,0.625,3,no_label,17
86,LaF,0.625,3,label,16
86,LaF,0.625,4,no_label,15
86,LaF,0.625,4,label,13
86,LaF,0.625,5,no_label,13
86,LaF,0.625,5,label,11
86,LaF,0.625,6,no_label,11
86,LaF,0.625,6,label,9
86,LaF,0.625,7,no_label,8
86,LaF,0.625,7,label,7
87,LaF,0.625,0,label,21
87,LaF,0.625,0,no_label,22
87,LaF,0.625,1,label,21
87,LaF,0.625,1,no_label,20
87,LaF,0.625,2,label,19
87,LaF,0.625,2,no_label,18
87,LaF,0.625,3,label,17
87,LaF,0.625,3,no_label,16
87,LaF,0.625,4,label,15
87,LaF,0.625,4,no_label,14
87,LaF,0.625,5,label,13
87,LaF,0.625,5,no_label,12
87,LaF,0.625,6,label,11
87,LaF,0.625,6,no_label,10
87,LaF,0.625,7,label,9
87,LaF,0.625,7,no_label,8
88,LaF,0.625,0,no_label,25
88,LaF,0.625,0,label,22
88,LaF,0.625,1,no_label,24
88,LaF,0.625,1,label,20
88,LaF,0.625,2,no_label,21
88,LaF,0.625,2,label,18
88,LaF,0.625,3,no_label,19
88,LaF,0.625,3,label,16
88,LaF,0.625,4,no_label,16
88,LaF,0.625,4,label,14
88,LaF,0.625,5,no_label,14
88,LaF,0.625,5,label,12
88,LaF,0.625,6,no_label,12
88,LaF,0.625,6,label,10
88,LaF,0.625,7,no_label,10
88,LaF,0.625,7,label,8
89,LaF,0.625,0,label,23
89,LaF,0.625,0,no_label,22
89,LaF,0.625,1,label,22
89,LaF,0.625,1,no_label,20
89,LaF,0.625,2,label,20
89,LaF,0.625,2,no_label,18
89,LaF,0.625,3,label,18
89,LaF,0.625,3,no_label,16
89,LaF,0.625,4,label,16
89,LaF,0.625,4,no_label,14
89,LaF,0.625,5,label,14
89,LaF,0.625,5,no_label,12
89,LaF,0.625,6,label,11
89,LaF,0.625,6,no_label,10
89,LaF,0.625,7,label,9
89,LaF,0.625,7,no_label,8
90,LaF,0.625,0,no_label,23
90,LaF,0.625,0,label,23
90,LaF,0.625,1,no_label,22
90,LaF,0.625,1,label,21
90,LaF,0.625,2,no_label,20
90,LaF,0.625,2,label,19
90,LaF,0.625,3,no_label,18
90,LaF,0.625,3,label,17
90,LaF,0.625,4,no_label,16
90,LaF,0.625,4,label,15
90,LaF,0.625,5,no_label,14
90,LaF,0.625,5,label,13
90,LaF,0.625,6,no_label,12
90,LaF,0.625,6,label,11
90,LaF,0.625,7,no_label,10
90,LaF,0.625,7,label,9
91,LaF,0.625,0,label,20
91,LaF,0.625,0,no_label,20
91,LaF,0.625,1,label,19
91,LaF,0.625,1,no_label,19
91,LaF,0.625,2,label,18
91,LaF,0.625,2,no_label,17
91,LaF,0.625,3,label,16
91,LaF,0.625,3,no_label,16
91,LaF,0.625,4,label,15
91,LaF,0.625,4,no_label,14
91,LaF,0.625,5,label,13
91,LaF,0.625,5,no_label,12
91,LaF,0.625,6,label,11
91,LaF,0.625,6,no_label,10
91,LaF,0.625,7,label,10
91,LaF,0.625,7,no_label,9
92,LaF,0.625,0,no_label,23
92,LaF,0.625,0,label,20
92,LaF,0.625,1,no_label,21
92,LaF,0.625,1,label,19
92,LaF,0.625,2,no_label,20
92,LaF,0.625,2,label,17
92,LaF,0.625,3,no_label,18
92,LaF,0.625,3,label,15
92,LaF,0.625,4,no_label,16
92,LaF,0.625,4,label,14
92,LaF,0.625,5,no_label,14
92,LaF,0.625,5,label,12
92,LaF,0.625,6,no_label,12
92,LaF,0.625,6,label,10
92,LaF,0.625,7,no_label,10
92,LaF,0.625,7,label,8
93,LaF,0.625,0,label,23
93,LaF,0.625,0,no_label,22
93,LaF,0.625,1,label,22
93,LaF,0.625,1,no_label,21
93,LaF,0.625,2,label,20
93,LaF,0.625,2,no_label,18
93,LaF,0.625,3,label,18
93,LaF,0.625,3,no_label,16
93,LaF,0.625,4,label,16
93,LaF,0.625,4,no_label,14
93,LaF,0.625,5,label,13
93,LaF,0.625,5,no_label,12
93,LaF,0.625,6,label,11
93,LaF,0.625,6,no_label,10
93,LaF,0.625,7,label,9
93,LaF,0.625,7,no_label,8
94,LaF,0.625,0,no_label,22
94,LaF,0.625,0,label,21
94,LaF,0.625,1,no_label,21
94,LaF,0.625,1,label,19
94,LaF,0.625,2,no_label,19
94,LaF,0.625,2,label,17
94,LaF,0.625,3,no_label,17
94,LaF,0.625,3,label,15
94,LaF,0.625,4,no_label,15
94,LaF,0.625,4,label,13
94,LaF,0.625,5,no_label,13
94,LaF,0.625,5,label,11
94,LaF,0.625,6,no_label,11
94,LaF,0.625,6,label,9
94,LaF,0.625,7,no_label,8
94,LaF,0.625,7,label,7
95,LaF,0.625,0,label,23
95,LaF,0.625,0,no_label,23
95,LaF,0.625,1,label,23
95,LaF,0.625,1,no_label,20
95,LaF,0.625,2,label,20
95,LaF,0.625,2,no_label,18
95,LaF,0.625,3,label,18
95,LaF,0.625,3,no_label,16
95,LaF,0.625,4,label,15
95,LaF,0.625,4,no_label,13
95,LaF,0.625,5,label,13
95,LaF,0.625,5,no_label,11
95,LaF,0.625,6,label,10
95,LaF,0.625,6,no_label,8
95,LaF,0.625,7,label,8
95,LaF,0.625,7,no_label,6
96,LaF,0.625,0,no_label,21
96,LaF,0.625,0,label,22
96,LaF,0.625,1,no_label,20
96,LaF,0.625,1,label,20
96,LaF,0.625,2,no_label,18
96,LaF,0.625,2,label,18
96,LaF,0.625,3,no_label,16
96,LaF,0.625,3,label,16
96,LaF,0.625,4,no_label,14
96,LaF,0.625,4,label,14
96,LaF,0.625,5,no_label,12
96,LaF,0.625,5,label,12
96,LaF,0.625,6,no_label,10
96,LaF,0.625,6,label,10
96,LaF,0.625,7,no_label,8
96,LaF,0.625,7,label,8
97,LaF,0.75,0,label,19
97,LaF,0.75,0,no_label,22
97,LaF,0.75,1,label,19
97,LaF,0.75,1,no_label,20
97,LaF,0.75,2,label,18
97,LaF,0.75,2,no_label,18
97,LaF,0.75,3,label,16
97,LaF,0.75,3,no_label,17
97,LaF,0.75,4,label,15
97,LaF,0.75,4,no_label,15
97,LaF,0.75,5,label,13
97,LaF,0.75,5,no_label,13
97,LaF,0.75,6,label,11
97,LaF,0.75,6,no_label,11
97,LaF,0.75,7,label,10
97,LaF,0.75,7,no_label,9
98,LaF,0.75,0,no_label,22
98,LaF,0.75,0,label,20
98,LaF,0.75,1,no_label,21
98,LaF,0.75,1,label,18
98,LaF,0.75,2,no_label,19
98,LaF,0.75,2,label,17
98,LaF,0.75,3,no_label,17
98,LaF,0.75,3,label,15
98,LaF,0.75,4,no_label,16
98,LaF,0.75,4,label,14
98,LaF,0.75,5,no_label,14
98,LaF,0.75,5,label,12
98,LaF,0.75,6,no_label,12
98,LaF,0.75,6,label,10
98,LaF,0.75,7,no_label,10
98,LaF,0.75,7,label,8
99,LaF,0.75,0,label,23
99,LaF,0.75,0,no_label,22
99,LaF,0.75,1,label,22
99,LaF,0.75,1,no_label,20
99,LaF,0.75,2,label,20
99,LaF,0.75,2,no_label,18
99,LaF,0.75,3,label,18
99,LaF,0.75,3,no_label,16
99,LaF,0.75,4,label,16
99,LaF,0.75,4,no_label,14
99,LaF,0.75,5,label,13
99,LaF,0.75,5,no_label,11
99,LaF,0.75,6,label,11
99,LaF,0.75,6,no_label,9
99,LaF,0.75,7,label,9
99,LaF,0.75,7,no_label,7
100,LaF,0.75,0,no_label,22
100,LaF,0.75,0,label,21
100,LaF,0.75,1,no_label,22
100,LaF,0.75,1,label,19
100,LaF,0.75,2,no_label,21
100,LaF,0.75,2,label,18
100,LaF,0.75,3,no_label,19
100,LaF,0.75,3,label,16
100,LaF,0.75,4,no_label,17
100,LaF,0.75,4,label,14
100,LaF,0.75,5,no_label,15
100,LaF,0.75,5,label,12
100,LaF,0.75,6,no_label,13
100,LaF,0.75,6,label,10
100,LaF,0.75,7,no_label,11
100,LaF,0.75,7,label,9
101,LaF,0.75,0,label,22
101,LaF,0.75,0,no_label,24
101,LaF,0.75,1,label,20
101,LaF,0.75,1,no_label,22
101,LaF,0.75,2,label,18
101,LaF,0.75,2,no_label,19
101,LaF,0.75,3,label,16
101,LaF,0.75,3,no_label,17
101,LaF,0.75,4,label,14
101,LaF,0.75,4,no_label,14
101,LaF,0.75,5,label,12
101,LaF,0.75,5,no_label,12
101,LaF,0.75,6,label,10
101,LaF,0.75,6,no_label,9
101,LaF,0.75,7,label,8
101,LaF,0.75,7,no_label,7
102,LaF,0.75,0,no_label,21
102,LaF,0.75,0,label,22
102,LaF,0.75,1,no_label,21
102,LaF,0.75,1,label,20
102,LaF,0.75,2,no_label,19
102,LaF,0.75,2,label,18
102,LaF,0.75,3,no_label,17
102,LaF,0.75,3,label,16
102,LaF,0.75,4,no_label,15
102,LaF,0.75,4,label,14
102,LaF,0.75,5,no_label,13
102,LaF,0.75,5,label,12
102,LaF,0.75,6,no_label,11
102,LaF,0.75,6,label,10
102,LaF,0.75,7,no_label,9
102,LaF,0.75,7,label,8
103,LaF,0.75,0,label,23
103,LaF,0.75,0,no_label,22
103,LaF,0.75,1,label,22
103,LaF,0.75,1,no_label,21
103,LaF,0.75,2,label,20
103,LaF,0.75,2,no_label,18
103,LaF,0.75,3,label,18
103,LaF,0.75,3,no_label,16
103,LaF,0.75,4,label,15
103,LaF,0.75,4,no_label,14
103,LaF,0.75,5,label,13
103,LaF,0.75,5,no_label,11
103,LaF,0.75,6,label,10
103,LaF,0.75,6,no_label,9
103,LaF,0.75,7,label,8
103,LaF,0.75,7,no_label,7
104,LaF,0.75,0,no_label,22
104,LaF,0.75,0,label,20
104,LaF,0.75,1,no_label,22
104,LaF,0.75,1,label,19
104,LaF,0.75,2,no_label,20
104,LaF,0.75,2,label,17
104,LaF,0.75,3,no_label,18
104,LaF,0.75,3,label,15
104,LaF,0.75,4,no_label,15
104,LaF,0.75,4,label,13
104,LaF,0.75,5,no_label,13
104,LaF,0.75,5,label,11
104,LaF,0.75,6,no_label,11
104,LaF,0.75,6,label,9
104,LaF,0.75,7,no_label,9
104,LaF,0.75,7,label,7
105,LaF,0.75,0,label,20
105,LaF,0.75,0,no_label,21
105,LaF,0.75,1,label,20
105,LaF,0.75,1,no_label,20
105,LaF,0.75,2,label,19
105,LaF,0.75,2,no_label,18
105,LaF,0.75,3,label,17
105,LaF,0.75,3,no_label,16
105,LaF,0.75,4,label,15
105,LaF,0.75,4,no_label,14
105,LaF,0.75,5,label,13
105,LaF,0.75,5,no_label,12
105,LaF,0.75,6,label,11
105,LaF,0.75,6,no_label,10
105,LaF,0.75,7,label,9
105,LaF,0.75,7,no_label,8
106,LaF,0.75,0,no_label,24
106,LaF,0.75,0,label,22
106,LaF,0.75,1,no_label,22
106,LaF,0.75,1,label,20
106,LaF,0.75,2,no_label,21
106,LaF,0.75,2,label,19
106,LaF,0.75,3,no_label,19
106,LaF,0.75,3,label,17
106,LaF,0.75,4,no_label,16
106,LaF,0.75,4,label,15
106,LaF,0.75,5,no_label,14
106,LaF,0.75,5,label,13
106,LaF,0.75,6,no_label,12
106,LaF,0.75,6,label,11
106,LaF,0.75,7,no_label,10
106,LaF,0.75,7,label,9
107,LaF,0.75,0,label,21
107,LaF,0.75,0,no_label,21
107,LaF,0.75,1,label,21
107,LaF,0.75,1,no_label,19
107,LaF,0.75,2,label,19
107,LaF,0.75,2,no_label,17
107,LaF,0.75,3,label,17
107,LaF,0.75,3,no_label,15
107,LaF,0.75,4,label,15
107,LaF,0.75,4,no_label,13
107,LaF,0.75,5,label,13
107,LaF,0.75,5,no_label,11
107,LaF,0.75,6,label,10
107,LaF,0.75,6,no_label,9
107,LaF,0.75,7,label,8
107,LaF,0.75,7,no_label,7
108,LaF,0.75,0,no_label,24
108,LaF,0.75,0,label,23
108,LaF,0.75,1,no_label,22
108,LaF,0.75,1,label,21
108,LaF,0.75,2,no_label,19
108,LaF,0.75,2,label,18
108,LaF,0.75,3,no_label,17
108,LaF,0.75,3,label,16
108,LaF,0.75,4,no_label,15
108,LaF,0.75,4,label,13
108,LaF,0.75,5,no_label,12
108,LaF,0.75,5,label,11
108,LaF,0.75,6,no_label,10
108,LaF,0.75,6,label,9
108,LaF,0.75,7,no_label,8
108,LaF,0.75,7,label,7
109,LaF,0.75,0,label,23
109,LaF,0.75,0,no_label,21
109,LaF,0.75,1,label,22
109,LaF,0.75,1,no_label,20
109,LaF,0.75,2,label,20
109,LaF,0.75,2,no_label,18
109,LaF,0.75,3,label,18
109,LaF,0.75,3,no_label,16
109,LaF,0.75,4,label,16
109,LaF,0.75,4,no_label,14
109,LaF,0.75,5,label,14
109,LaF,0.75,5,no_label,12
109,LaF,0.75,6,label,12
109,LaF,0.75,6,no_label,11
109,LaF,0.75,7,label,10
109,LaF,0.75,7,no_label,9
110,LaF,0.75,0,no_label,23
110,LaF,0.75,0,label,22
110,LaF,0.75,1,no_label,22
110,LaF,0.75,1,label,20
110,LaF,0.75,2,no_label,20
110,LaF,0.75,2,label,18
110,LaF,0.75,3,no_label,17
110,LaF,0.75,3,label,16
110,LaF,0.75,4,no_label,15
110,LaF,0.75,4,label,13
110,LaF,0.75,5,no_label,13
110,LaF,0.75,5,label,11
110,LaF,0.75,6,no_label,11
110,LaF,0.75,6,label,9
110,LaF,0.75,7,no_label,8
110,LaF,0.75,7,label,7
111,LaF,0.75,0,label,21
111,LaF,0.75,0,no_label,22
111,LaF,0.75,1,label,21
111,LaF,0.75,1,no_label,20
111,LaF,0.75,2,label,19
111,LaF,0.75,2,no_label,18
111,LaF,0.75,3,label,17
111,LaF,0.75,3,no_label,16
111,LaF,0.75,4,label,15
111,LaF,0.75,4,no_label,14
111,LaF,0.75,5,label,13
111,LaF,0.75,5,no_label,12
111,LaF,0.75,6,label,11
111,LaF,0.75,6,no_label,10
111,LaF,0.75,7,label,9
111,LaF,0.75,7,no_label,8
112,LaF,0.75,0,no_label,25
112,LaF,0.75,0,label,22
112,LaF,0.75,1,no_label,24
112,LaF,0.75,1,label,20
112,LaF,0.75,2,no_label,21
112,LaF,0.75,2,label,18
112,LaF,0.75,3,no_label,19
112,LaF,0.75,3,label,16
112,LaF,0.75,4,no_label,16
112,LaF,0.75,4,label,14
112,LaF,0.75,5,no_label,14
112,LaF,0.75,5,label,12
112,LaF,0.75,6,no_label,12
112,LaF,0.75,6,label,10
112,LaF,0.75,7,no_label,10
112,LaF,0.75,7,label,8
113,LaF,0.75,0,label,23
113,LaF,0.75,0,no_label,22
113,LaF,0.75,1,label,22
113,LaF,0.75,1,no_label,20
113,LaF,0.75,2,label,20
113,LaF,0.75,2,no_label,18
113,LaF,0.75,3,label,18
113,LaF,0.75,3,no_label,16
113,LaF,0.75,4,label,16
113,LaF,0.75,4,no_label,14
113,LaF,0.75,5,label,14
113,LaF,0.75,5,no_label,12
113,LaF,0.75,6,label,11
113,LaF,0.75,6,no_label,10
113,LaF,0.75,7,label,9
113,LaF,0.75,7,no_label,8
114,LaF,0.75,0,no_label,23
114,LaF,0.75,0,label,23
114,LaF,0.75,1,no_label,22
114,LaF,0.75,1,label,21
114,LaF,0.75,2,no_label,20
114,LaF,0.75,2,label,19
114,LaF,0.75,3,no_label,18
114,LaF,0.75,3,label,17
114,LaF,0.75,4,no_label,16
114,LaF,0.75,4,label,15
114,LaF,0.75,5,no_label,14
114,LaF,0.75,5,label,13
114,LaF,0.75,6,no_label,12
114,LaF,0.75,6,label,11
114,LaF,0.75,7,no_label,10
114,LaF,0.75,7,label,9
115,LaF,0.75,0,label,20
115,LaF,0.75,0,no_label,20
115,LaF,0.75,1,label,19
115,LaF,0.75,1,no_label,19
115,LaF,0.75,2,label,18
115,LaF,0.75,2,no_label,17
115,LaF,0.75,3,label,16
115,LaF,0.75,3,no_label,16
115,LaF,0.75,4,label,15
115,LaF,0.75,4,no_label,14
115,LaF,0.75,5,label,13
115,LaF,0.75,5,no_label,12
115,LaF,0.75,6,label,11
115,LaF,0.75,6,no_label,10
115,LaF,0.75,7,label,10
115,LaF,0.75,7,no_label,9
116,LaF,0.75,0,no_label,23
116,LaF,0.75,0,label,20
116,LaF,0.75,1,no_label,21
116,LaF,0.75,1,label,19
116,LaF,0.75,2,no_label,20
116,LaF,0.75,2,label,17
116,LaF,0.75,3,no_label,18
116,LaF,0.75,3,label,15
116,LaF,0.75,4,no_label,16
116,LaF,0.75,4,label,14
116,LaF,0.75,5,no_label,14
116,LaF,0.75,5,label,12
116,LaF,0.75,6,no_label,12
116,LaF,0.75,6,label,10
116,LaF,0.75,7,no_label,10
116,LaF,0.75,7,label,8
117,LaF,0.75,0,label,23
117,LaF,0.75,0,no_label,22
117,LaF,0.75,1,label,22
117,LaF,0.75,1,no_label,21
117,LaF,0.75,2,label,20
117,LaF,0.75,2,no_label,18
117,LaF,0.75,3,label,18
117,LaF,0.75,3,no_label,16
117,LaF,0.75,4,label,16
117,LaF,0.75,4,no_label,14
117,LaF,0.75,5,label,13
117,LaF,0.75,5,no_label,12
117,LaF,0.75,6,label,11
117,LaF,0.75,6,no_label,10
117,LaF,0.75,7,label,9
117,LaF,0.75,7,no_label,8
118,LaF,0.75,0,no_label,22
118,LaF,0.75,0,label,21
118,LaF,0.75,1,no_label,21
118,LaF,0.75,1,label,19
118,LaF,0.75,2,no_label,19
118,LaF,0.75,2,label,17
118,LaF,0.75,3,no_label,17
118,LaF,0.75,3,label,15
118,LaF,0.75,4,no_label,15
118,LaF,0.75,4,label,13
118,LaF,0.75,5,no_label,13
118,LaF,0.75,5,label,11
118,LaF,0.75,6,no_label,11
118,LaF,0.75,6,label,9
118,LaF,0.75,7,no_label,8
118,LaF,0.75,7,label,7
119,LaF,0.75,0,label,23
119,LaF,0.75,0,no_label,23
119,LaF,0.75,1,label,23
119,LaF,0.75,1,no_label,20
119,LaF,0.75,2,label,20
119,LaF,0.75,2,no_label,18
119,LaF,0.75,3,label,18
119,LaF,0.75,3,no_label,16
119,LaF,0.75,4,label,15
119,LaF,0.75,4,no_label,13
119,LaF,0.75,5,label,13
119,LaF,0.75,5,no_label,11
119,LaF,0.75,6,label,10
119,LaF,0.75,6,no_label,8
119,LaF,0.75,7,label,8
119,LaF,0.75,7,no_label,6
120,LaF,0.75,0,no_label,21
120,LaF,0.75,0,label,22
120,LaF,0.75,1,no_label,20
120,LaF,0.75,1,label,20
120,LaF,0.75,2,no_label,18
120,LaF,0.75,2,label,18
120,LaF,0.75,3,no_label,16
120,LaF,0.75,3,label,16
120,LaF,0.75,4,no_label,14
120,LaF,0.75,4,label,14
120,LaF,0.75,5,no_label,12
120,LaF,0.75,5,label,12
120,LaF,0.75,6,no_label,10
120,LaF,0.75,6,label,10
120,LaF,0.75,7,no_label,8
120,LaF,0.75,7,label,8
-2,CR,0.25,0,no_label,22
-2,CR,0.25,0,label,21
-2,CR,0.25,1,no_label,21
-2,CR,0.25,1,label,19
-2,CR,0.25,2,no_label,19
-2,CR,0.25,2,label,17
-2,CR,0.25,3,no_label,17
-2,CR,0.25,3,label,15
-2,CR,0.25,4,no_label,14
-2,CR,0.25,4,label,13
-2,CR,0.25,5,no_label,12
-2,CR,0.25,5,label,10
-2,CR,0.25,6,no_label,10
-2,CR,0.25,6,label,8
-2,CR,0.25,7,no_label,8
-2,CR,0.25,7,label,6
-120,CR,0.75,0,no_label,20
-120,CR,0.75,0,label,23
-120,CR,0.75,1,no_label,20
-120,CR,0.75,1,label,21
-120,CR,0.75,2,no_label,18
-120,CR,0.75,2,label,19
-120,CR,0.75,3,no_label,16
-120,CR,0.75,3,label,17
-120,CR,0.75,4,no_label,14
-120,CR,0.75,4,label,15
-120,CR,0.75,5,no_label,12
-120,CR,0.75,5,label,12
-120,CR,0.75,6,no_label,10
-120,CR,0.75,6,label,10
-120,CR,0.75,7,no_label,8
-120,CR,0.75,7,label,8
-119,CR,0.75,0,label,22
-119,CR,0.75,0,no_label,22
-119,CR,0.75,1,label,22
-119,CR,0.75,1,no_label,20
-119,CR,0.75,2,label,20
-119,CR,0.75,2,no_label,18
-119,CR,0.75,3,label,17
-119,CR,0.75,3,no_label,16
-119,CR,0.75,4,label,15
-119,CR,0.75,4,no_label,14
-119,CR,0.75,5,label,13
-119,CR,0.75,5,no_label,11
-119,CR,0.75,6,label,10
-119,CR,0.75,6,no_label,9
-119,CR,0.75,7,label,8
-119,CR,0.75,7,no_label,7
-118,CR,0.75,0,no_label,22
-118,CR,0.75,0,label,22
-118,CR,0.75,1,no_label,21
-118,CR,0.75,1,label,20
-118,CR,0.75,2,no_label,20
-118,CR,0.75,2,label,18
-118,CR,0.75,3,no_label,18
-118,CR,0.75,3,label,16
-118,CR,0.75,4,no_label,16
-118,CR,0.75,4,label,15
-118,CR,0.75,5,no_label,14
-118,CR,0.75,5,label,13
-118,CR,0.75,6,no_label,12
-118,CR,0.75,6,label,11
-118,CR,0.75,7,no_label,10
-118,CR,0.75,7,label,9
-117,CR,0.75,0,label,22
-117,CR,0.75,0,no_label,22
-117,CR,0.75,1,label,22
-117,CR,0.75,1,no_label,21
-117,CR,0.75,2,label,20
-117,CR,0.75,2,no_label,19
-117,CR,0.75,3,label,18
-117,CR,0.75,3,no_label,17
-117,CR,0.75,4,label,16
-117,CR,0.75,4,no_label,15
-117,CR,0.75,5,label,14
-117,CR,0.75,5,no_label,13
-117,CR,0.75,6,label,12
-117,CR,0.75,6,no_label,11
-117,CR,0.75,7,label,10
-117,CR,0.75,7,no_label,8
-116,CR,0.75,0,no_label,20
-116,CR,0.75,0,label,22
-116,CR,0.75,1,no_label,20
-116,CR,0.75,1,label,21
-116,CR,0.75,2,no_label,19
-116,CR,0.75,2,label,20
-116,CR,0.75,3,no_label,18
-116,CR,0.75,3,label,18
-116,CR,0.75,4,no_label,16
-116,CR,0.75,4,label,16
-116,CR,0.75,5,no_label,14
-116,CR,0.75,5,label,14
-116,CR,0.75,6,no_label,13
-116,CR,0.75,6,label,12
-116,CR,0.75,7,no_label,11
-116,CR,0.75,7,label,11
-115,CR,0.75,0,label,22
-115,CR,0.75,0,no_label,21
-115,CR,0.75,1,label,21
-115,CR,0.75,1,no_label,19
-115,CR,0.75,2,label,19
-115,CR,0.75,2,no_label,17
-115,CR,0.75,3,label,16
-115,CR,0.75,3,no_label,14
-115,CR,0.75,4,label,13
-115,CR,0.75,4,no_label,12
-115,CR,0.75,5,label,11
-115,CR,0.75,5,no_label,10
-115,CR,0.75,6,label,9
-115,CR,0.75,6,no_label,8
-115,CR,0.75,7,label,6
-115,CR,0.75,7,no_label,4
-114,CR,0.75,0,no_label,22
-114,CR,0.75,0,label,23
-114,CR,0.75,1,no_label,21
-114,CR,0.75,1,label,21
-114,CR,0.75,2,no_label,19
-114,CR,0.75,2,label,18
-114,CR,0.75,3,no_label,17
-114,CR,0.75,3,label,16
-114,CR,0.75,4,no_label,14
-114,CR,0.75,4,label,13
-114,CR,0.75,5,no_label,12
-114,CR,0.75,5,label,11
-114,CR,0.75,6,no_label,10
-114,CR,0.75,6,label,9
-114,CR,0.75,7,no_label,8
-114,CR,0.75,7,label,6
-113,CR,0.75,0,label,22
-113,CR,0.75,0,no_label,22
-113,CR,0.75,1,label,20
-113,CR,0.75,1,no_label,20
-113,CR,0.75,2,label,19
-113,CR,0.75,2,no_label,18
-113,CR,0.75,3,label,17
-113,CR,0.75,3,no_label,16
-113,CR,0.75,4,label,15
-113,CR,0.75,4,no_label,14
-113,CR,0.75,5,label,13
-113,CR,0.75,5,no_label,12
-113,CR,0.75,6,label,11
-113,CR,0.75,6,no_label,10
-113,CR,0.75,7,label,9
-113,CR,0.75,7,no_label,8
-112,CR,0.75,0,no_label,22
-112,CR,0.75,0,label,21
-112,CR,0.75,1,no_label,20
-112,CR,0.75,1,label,19
-112,CR,0.75,2,no_label,18
-112,CR,0.75,2,label,17
-112,CR,0.75,3,no_label,16
-112,CR,0.75,3,label,15
-112,CR,0.75,4,no_label,14
-112,CR,0.75,4,label,13
-112,CR,0.75,5,no_label,12
-112,CR,0.75,5,label,11
-112,CR,0.75,6,no_label,10
-112,CR,0.75,6,label,9
-112,CR,0.75,7,no_label,8
-112,CR,0.75,7,label,7
-111,CR,0.75,0,label,21
-111,CR,0.75,0,no_label,24
-111,CR,0.75,1,label,21
-111,CR,0.75,1,no_label,22
-111,CR,0.75,2,label,19
-111,CR,0.75,2,no_label,20
-111,CR,0.75,3,label,17
-111,CR,0.75,3,no_label,18
-111,CR,0.75,4,label,15
-111,CR,0.75,4,no_label,16
-111,CR,0.75,5,label,13
-111,CR,0.75,5,no_label,13
-111,CR,0.75,6,label,11
-111,CR,0.75,6,no_label,11
-111,CR,0.75,7,label,9
-111,CR,0.75,7,no_label,9
-110,CR,0.75,0,no_label,20
-110,CR,0.75,0,label,23
-110,CR,0.75,1,no_label,20
-110,CR,0.75,1,label,21
-110,CR,0.75,2,no_label,18
-110,CR,0.75,2,label,19
-110,CR,0.75,3,no_label,16
-110,CR,0.75,3,label,16
-110,CR,0.75,4,no_label,14
-110,CR,0.75,4,label,14
-110,CR,0.75,5,no_label,12
-110,CR,0.75,5,label,12
-110,CR,0.75,6,no_label,10
-110,CR,0.75,6,label,10
-110,CR,0.75,7,no_label,8
-110,CR,0.75,7,label,8
-109,CR,0.75,0,label,21
-109,CR,0.75,0,no_label,23
-109,CR,0.75,1,label,21
-109,CR,0.75,1,no_label,21
-109,CR,0.75,2,label,19
-109,CR,0.75,2,no_label,19
-109,CR,0.75,3,label,17
-109,CR,0.75,3,no_label,16
-109,CR,0.75,4,label,14
-109,CR,0.75,4,no_label,14
-109,CR,0.75,5,label,12
-109,CR,0.75,5,no_label,12
-109,CR,0.75,6,label,10
-109,CR,0.75,6,no_label,9
-109,CR,0.75,7,label,8
-109,CR,0.75,7,no_label,7
-108,CR,0.75,0,no_label,21
-108,CR,0.75,0,label,22
-108,CR,0.75,1,no_label,21
-108,CR,0.75,1,label,20
-108,CR,0.75,2,no_label,19
-108,CR,0.75,2,label,18
-108,CR,0.75,3,no_label,17
-108,CR,0.75,3,label,16
-108,CR,0.75,4,no_label,15
-108,CR,0.75,4,label,14
-108,CR,0.75,5,no_label,13
-108,CR,0.75,5,label,12
-108,CR,0.75,6,no_label,11
-108,CR,0.75,6,label,10
-108,CR,0.75,7,no_label,9
-108,CR,0.75,7,label,8
-107,CR,0.75,0,label,21
-107,CR,0.75,0,no_label,22
-107,CR,0.75,1,label,21
-107,CR,0.75,1,no_label,20
-107,CR,0.75,2,label,19
-107,CR,0.75,2,no_label,18
-107,CR,0.75,3,label,17
-107,CR,0.75,3,no_label,16
-107,CR,0.75,4,label,15
-107,CR,0.75,4,no_label,13
-107,CR,0.75,5,label,12
-107,CR,0.75,5,no_label,11
-107,CR,0.75,6,label,10
-107,CR,0.75,6,no_label,9
-107,CR,0.75,7,label,8
-107,CR,0.75,7,no_label,7
-106,CR,0.75,0,no_label,23
-106,CR,0.75,0,label,23
-106,CR,0.75,1,no_label,23
-106,CR,0.75,1,label,21
-106,CR,0.75,2,no_label,20
-106,CR,0.75,2,label,19
-106,CR,0.75,3,no_label,18
-106,CR,0.75,3,label,16
-106,CR,0.75,4,no_label,16
-106,CR,0.75,4,label,14
-106,CR,0.75,5,no_label,13
-106,CR,0.75,5,label,12
-106,CR,0.75,6,no_label,11
-106,CR,0.75,6,label,10
-106,CR,0.75,7,no_label,9
-106,CR,0.75,7,label,8
-105,CR,0.75,0,label,20
-105,CR,0.75,0,no_label,21
-105,CR,0.75,1,label,20
-105,CR,0.75,1,no_label,20
-105,CR,0.75,2,label,19
-105,CR,0.75,2,no_label,18
-105,CR,0.75,3,label,17
-105,CR,0.75,3,no_label,17
-105,CR,0.75,4,label,15
-105,CR,0.75,4,no_label,15
-105,CR,0.75,5,label,14
-105,CR,0.75,5,no_label,13
-105,CR,0.75,6,label,12
-105,CR,0.75,6,no_label,11
-105,CR,0.75,7,label,10
-105,CR,0.75,7,no_label,10
-104,CR,0.75,0,no_label,23
-104,CR,0.75,0,label,21
-104,CR,0.75,1,no_label,21
-104,CR,0.75,1,label,20
-104,CR,0.75,2,no_label,19
-104,CR,0.75,2,label,18
-104,CR,0.75,3,no_label,17
-104,CR,0.75,3,label,16
-104,CR,0.75,4,no_label,15
-104,CR,0.75,4,label,14
-104,CR,0.75,5,no_label,13
-104,CR,0.75,5,label,11
-104,CR,0.75,6,no_label,10
-104,CR,0.75,6,label,9
-104,CR,0.75,7,no_label,8
-104,CR,0.75,7,label,7
-103,CR,0.75,0,label,21
-103,CR,0.75,0,no_label,24
-103,CR,0.75,1,label,22
-103,CR,0.75,1,no_label,21
-103,CR,0.75,2,label,20
-103,CR,0.75,2,no_label,19
-103,CR,0.75,3,label,18
-103,CR,0.75,3,no_label,16
-103,CR,0.75,4,label,15
-103,CR,0.75,4,no_label,14
-103,CR,0.75,5,label,13
-103,CR,0.75,5,no_label,11
-103,CR,0.75,6,label,10
-103,CR,0.75,6,no_label,9
-103,CR,0.75,7,label,8
-103,CR,0.75,7,no_label,7
-102,CR,0.75,0,no_label,21
-102,CR,0.75,0,label,21
-102,CR,0.75,1,no_label,21
-102,CR,0.75,1,label,19
-102,CR,0.75,2,no_label,19
-102,CR,0.75,2,label,17
-102,CR,0.75,3,no_label,17
-102,CR,0.75,3,label,15
-102,CR,0.75,4,no_label,15
-102,CR,0.75,4,label,14
-102,CR,0.75,5,no_label,13
-102,CR,0.75,5,label,12
-102,CR,0.75,6,no_label,11
-102,CR,0.75,6,label,10
-102,CR,0.75,7,no_label,9
-102,CR,0.75,7,label,8
-101,CR,0.75,0,label,20
-101,CR,0.75,0,no_label,22
-101,CR,0.75,1,label,20
-101,CR,0.75,1,no_label,20
-101,CR,0.75,2,label,18
-101,CR,0.75,2,no_label,18
-101,CR,0.75,3,label,16
-101,CR,0.75,3,no_label,16
-101,CR,0.75,4,label,14
-101,CR,0.75,4,no_label,14
-101,CR,0.75,5,label,12
-101,CR,0.75,5,no_label,11
-101,CR,0.75,6,label,10
-101,CR,0.75,6,no_label,9
-101,CR,0.75,7,label,8
-101,CR,0.75,7,no_label,7
-100,CR,0.75,0,no_label,21
-100,CR,0.75,0,label,23
-100,CR,0.75,1,no_label,21
-100,CR,0.75,1,label,21
-100,CR,0.75,2,no_label,19
-100,CR,0.75,2,label,19
-100,CR,0.75,3,no_label,17
-100,CR,0.75,3,label,17
-100,CR,0.75,4,no_label,15
-100,CR,0.75,4,label,14
-100,CR,0.75,5,no_label,13
-100,CR,0.75,5,label,12
-100,CR,0.75,6,no_label,11
-100,CR,0.75,6,label,10
-100,CR,0.75,7,no_label,8
-100,CR,0.75,7,label,8
-99,CR,0.75,0,label,22
-99,CR,0.75,0,no_label,20
-99,CR,0.75,1,label,20
-99,CR,0.75,1,no_label,18
-99,CR,0.75,2,label,18
-99,CR,0.75,2,no_label,16
-99,CR,0.75,3,label,16
-99,CR,0.75,3,no_label,14
-99,CR,0.75,4,label,14
-99,CR,0.75,4,no_label,12
-99,CR,0.75,5,label,11
-99,CR,0.75,5,no_label,10
-99,CR,0.75,6,label,9
-99,CR,0.75,6,no_label,8
-99,CR,0.75,7,label,7
-99,CR,0.75,7,no_label,6
-98,CR,0.75,0,no_label,22
-98,CR,0.75,0,label,22
-98,CR,0.75,1,no_label,21
-98,CR,0.75,1,label,20
-98,CR,0.75,2,no_label,19
-98,CR,0.75,2,label,18
-98,CR,0.75,3,no_label,17
-98,CR,0.75,3,label,16
-98,CR,0.75,4,no_label,15
-98,CR,0.75,4,label,14
-98,CR,0.75,5,no_label,13
-98,CR,0.75,5,label,12
-98,CR,0.75,6,no_label,11
-98,CR,0.75,6,label,10
-98,CR,0.75,7,no_label,9
-98,CR,0.75,7,label,8
-97,CR,0.75,0,label,21
-97,CR,0.75,0,no_label,22
-97,CR,0.75,1,label,20
-97,CR,0.75,1,no_label,20
-97,CR,0.75,2,label,18
-97,CR,0.75,2,no_label,18
-97,CR,0.75,3,label,16
-97,CR,0.75,3,no_label,16
-97,CR,0.75,4,label,14
-97,CR,0.75,4,no_label,14
-97,CR,0.75,5,label,12
-97,CR,0.75,5,no_label,11
-97,CR,0.75,6,label,10
-97,CR,0.75,6,no_label,9
-97,CR,0.75,7,label,8
-97,CR,0.75,7,no_label,7
-96,CR,0.625,0,no_label,20
-96,CR,0.625,0,label,23
-96,CR,0.625,1,no_label,20
-96,CR,0.625,1,label,21
-96,CR,0.625,2,no_label,18
-96,CR,0.625,2,label,19
-96,CR,0.625,3,no_label,16
-96,CR,0.625,3,label,17
-96,CR,0.625,4,no_label,14
-96,CR,0.625,4,label,15
-96,CR,0.625,5,no_label,12
-96,CR,0.625,5,label,12
-96,CR,0.625,6,no_label,10
-96,CR,0.625,6,label,10
-96,CR,0.625,7,no_label,8
-96,CR,0.625,7,label,8
-95,CR,0.625,0,label,22
-95,CR,0.625,0,no_label,22
-95,CR,0.625,1,label,22
-95,CR,0.625,1,no_label,20
-95,CR,0.625,2,label,20
-95,CR,0.625,2,no_label,18
-95,CR,0.625,3,label,17
-95,CR,0.625,3,no_label,16
-95,CR,0.625,4,label,15
-95,CR,0.625,4,no_label,14
-95,CR,0.625,5,label,13
-95,CR,0.625,5,no_label,11
-95,CR,0.625,6,label,10
-95,CR,0.625,6,no_label,9
-95,CR,0.625,7,label,8
-95,CR,0.625,7,no_label,7
-94,CR,0.625,0,no_label,22
-94,CR,0.625,0,label,22
-94,CR,0.625,1,no_label,21
-94,CR,0.625,1,label,20
-94,CR,0.625,2,no_label,20
-94,CR,0.625,2,label,18
-94,CR,0.625,3,no_label,18
-94,CR,0.625,3,label,16
-94,CR,0.625,4,no_label,16
-94,CR,0.625,4,label,15
-94,CR,0.625,5,no_label,14
-94,CR,0.625,5,label,13
-94,CR,0.625,6,no_label,12
-94,CR,0.625,6,label,11
-94,CR,0.625,7,no_label,10
-94,CR,0.625,7,label,9
-93,CR,0.625,0,label,22
-93,CR,0.625,0,no_label,22
-93,CR,0.625,1,label,22
-93,CR,0.625,1,no_label,21
-93,CR,0.625,2,label,20
-93,CR,0.625,2,no_label,19
-93,CR,0.625,3,label,18
-93,CR,0.625,3,no_label,17
-93,CR,0.625,4,label,16
-93,CR,0.625,4,no_label,15
-93,CR,0.625,5,label,14
-93,CR,0.625,5,no_label,13
-93,CR,0.625,6,label,12
-93,CR,0.625,6,no_label,11
-93,CR,0.625,7,label,10
-93,CR,0.625,7,no_label,8
-92,CR,0.625,0,no_label,20
-92,CR,0.625,0,label,22
-92,CR,0.625,1,no_label,20
-92,CR,0.625,1,label,21
-92,CR,0.625,2,no_label,19
-92,CR,0.625,2,label,20
-92,CR,0.625,3,no_label,18
-92,CR,0.625,3,label,18
-92,CR,0.625,4,no_label,16
-92,CR,0.625,4,label,16
-92,CR,0.625,5,no_label,14
-92,CR,0.625,5,label,14
-92,CR,0.625,6,no_label,13
-92,CR,0.625,6,label,12
-92,CR,0.625,7,no_label,11
-92,CR,0.625,7,label,11
-91,CR,0.625,0,label,22
-91,CR,0.625,0,no_label,21
-91,CR,0.625,1,label,21
-91,CR,0.625,1,no_label,19
-91,CR,0.625,2,label,19
-91,CR,0.625,2,no_label,17
-91,CR,0.625,3,label,16
-91,CR,0.625,3,no_label,14
-91,CR,0.625,4,label,13
-91,CR,0.625,4,no_label,12
-91,CR,0.625,5,label,11
-91,CR,0.625,5,no_label,10
-91,CR,0.625,6,label,9
-91,CR,0.625,6,no_label,8
-91,CR,0.625,7,label,6
-91,CR,0.625,7,no_label,4
-90,CR,0.625,0,no_label,22
-90,CR,0.625,0,label,23
-90,CR,0.625,1,no_label,21
-90,CR,0.625,1,label,21
-90,CR,0.625,2,no_label,19
-90,CR,0.625,2,label,18
-90,CR,0.625,3,no_label,17
-90,CR,0.625,3,label,16
-90,CR,0.625,4,no_label,14
-90,CR,0.625,4,label,13
-90,CR,0.625,5,no_label,12
-90,CR,0.625,5,label,11
-90,CR,0.625,6,no_label,10
-90,CR,0.625,6,label,9
-90,CR,0.625,7,no_label,8
-90,CR,0.625,7,label,6
-89,CR,0.625,0,label,22
-89,CR,0.625,0,no_label,22
-89,CR,0.625,1,label,20
-89,CR,0.625,1,no_label,20
-89,CR,0.625,2,label,19
-89,CR,0.625,2,no_label,18
-89,CR,0.625,3,label,17
-89,CR,0.625,3,no_label,16
-89,CR,0.625,4,label,15
-89,CR,0.625,4,no_label,14
-89,CR,0.625,5,label,13
-89,CR,0.625,5,no_label,12
-89,CR,0.625,6,label,11
-89,CR,0.625,6,no_label,10
-89,CR,0.625,7,label,9
-89,CR,0.625,7,no_label,8
-88,CR,0.625,0,no_label,22
-88,CR,0.625,0,label,21
-88,CR,0.625,1,no_label,20
-88,CR,0.625,1,label,19
-88,CR,0.625,2,no_label,18
-88,CR,0.625,2,label,17
-88,CR,0.625,3,no_label,16
-88,CR,0.625,3,label,15
-88,CR,0.625,4,no_label,14
-88,CR,0.625,4,label,13
-88,CR,0.625,5,no_label,12
-88,CR,0.625,5,label,11
-88,CR,0.625,6,no_label,10
-88,CR,0.625,6,label,9
-88,CR,0.625,7,no_label,8
-88,CR,0.625,7,label,7
-87,CR,0.625,0,label,21
-87,CR,0.625,0,no_label,24
-87,CR,0.625,1,label,21
-87,CR,0.625,1,no_label,22
-87,CR,0.625,2,label,19
-87,CR,0.625,2,no_label,20
-87,CR,0.625,3,label,17
-87,CR,0.625,3,no_label,18
-87,CR,0.625,4,label,15
-87,CR,0.625,4,no_label,16
-87,CR,0.625,5,label,13
-87,CR,0.625,5,no_label,13
-87,CR,0.625,6,label,11
-87,CR,0.625,6,no_label,11
-87,CR,0.625,7,label,9
-87,CR,0.625,7,no_label,9
-86,CR,0.625,0,no_label,20
-86,CR,0.625,0,label,23
-86,CR,0.625,1,no_label,20
-86,CR,0.625,1,label,21
-86,CR,0.625,2,no_label,18
-86,CR,0.625,2,label,19
-86,CR,0.625,3,no_label,16
-86,CR,0.625,3,label,16
-86,CR,0.625,4,no_label,14
-86,CR,0.625,4,label,14
-86,CR,0.625,5,no_label,12
-86,CR,0.625,5,label,12
-86,CR,0.625,6,no_label,10
-86,CR,0.625,6,label,10
-86,CR,0.625,7,no_label,8
-86,CR,0.625,7,label,8
-85,CR,0.625,0,label,21
-85,CR,0.625,0,no_label,23
-85,CR,0.625,1,label,21
-85,CR,0.625,1,no_label,21
-85,CR,0.625,2,label,19
-85,CR,0.625,2,no_label,19
-85,CR,0.625,3,label,17
-85,CR,0.625,3,no_label,16
-85,CR,0.625,4,label,14
-85,CR,0.625,4,no_label,14
-85,CR,0.625,5,label,12
-85,CR,0.625,5,no_label,12
-85,CR,0.625,6,label,10
-85,CR,0.625,6,no_label,9
-85,CR,0.625,7,label,8
-85,CR,0.625,7,no_label,7
-84,CR,0.625,0,no_label,21
-84,CR,0.625,0,label,22
-84,CR,0.625,1,no_label,21
-84,CR,0.625,1,label,20
-84,CR,0.625,2,no_label,19
-84,CR,0.625,2,label,18
-84,CR,0.625,3,no_label,17
-84,CR,0.625,3,label,16
-84,CR,0.625,4,no_label,15
-84,CR,0.625,4,label,14
-84,CR,0.625,5,no_label,13
-84,CR,0.625,5,label,12
-84,CR,0.625,6,no_label,11
-84,CR,0.625,6,label,10
-84,CR,0.625,7,no_label,9
-84,CR,0.625,7,label,8
-83,CR,0.625,0,label,21
-83,CR,0.625,0,no_label,22
-83,CR,0.625,1,label,21
-83,CR,0.625,1,no_label,20
-83,CR,0.625,2,label,19
-83,CR,0.625,2,no_label,18
-83,CR,0.625,3,label,17
-83,CR,0.625,3,no_label,16
-83,CR,0.625,4,label,15
-83,CR,0.625,4,no_label,13
-83,CR,0.625,5,label,12
-83,CR,0.625,5,no_label,11
-83,CR,0.625,6,label,10
-83,CR,0.625,6,no_label,9
-83,CR,0.625,7,label,8
-83,CR,0.625,7,no_label,7
-82,CR,0.625,0,no_label,23
-82,CR,0.625,0,label,23
-82,CR,0.625,1,no_label,23
-82,CR,0.625,1,label,21
-82,CR,0.625,2,no_label,20
-82,CR,0.625,2,label,19
-82,CR,0.625,3,no_label,18
-82,CR,0.625,3,label,16
-82,CR,0.625,4,no_label,16
-82,CR,0.625,4,label,14
-82,CR,0.625,5,no_label,13
-82,CR,0.625,5,label,12
-82,CR,0.625,6,no_label,11
-82,CR,0.625,6,label,10
-82,CR,0.625,7,no_label,9
-82,CR,0.625,7,label,8
-81,CR,0.625,0,label,20
-81,CR,0.625,0,no_label,21
-81,CR,0.625,1,label,20
-81,CR,0.625,1,no_label,20
-81,CR,0.625,2,label,19
-81,CR,0.625,2,no_label,18
-81,CR,0.625,3,label,17
-81,CR,0.625,3,no_label,17
-81,CR,0.625,4,label,15
-81,CR,0.625,4,no_label,15
-81,CR,0.625,5,label,14
-81,CR,0.625,5,no_label,13
-81,CR,0.625,6,label,12
-81,CR,0.625,6,no_label,11
-81,CR,0.625,7,label,10
-81,CR,0.625,7,no_label,10
-80,CR,0.625,0,no_label,23
-80,CR,0.625,0,label,21
-80,CR,0.625,1,no_label,21
-80,CR,0.625,1,label,20
-80,CR,0.625,2,no_label,19
-80,CR,0.625,2,label,18
-80,CR,0.625,3,no_label,17
-80,CR,0.625,3,label,16
-80,CR,0.625,4,no_label,15
-80,CR,0.625,4,label,14
-80,CR,0.625,5,no_label,13
-80,CR,0.625,5,label,11
-80,CR,0.625,6,no_label,10
-80,CR,0.625,6,label,9
-80,CR,0.625,7,no_label,8
-80,CR,0.625,7,label,7
-79,CR,0.625,0,label,21
-79,CR,0.625,0,no_label,24
-79,CR,0.625,1,label,22
-79,CR,0.625,1,no_label,21
-79,CR,0.625,2,label,20
-79,CR,0.625,2,no_label,19
-79,CR,0.625,3,label,18
-79,CR,0.625,3,no_label,16
-79,CR,0.625,4,label,15
-79,CR,0.625,4,no_label,14
-79,CR,0.625,5,label,13
-79,CR,0.625,5,no_label,11
-79,CR,0.625,6,label,10
-79,CR,0.625,6,no_label,9
-79,CR,0.625,7,label,8
-79,CR,0.625,7,no_label,7
-78,CR,0.625,0,no_label,21
-78,CR,0.625,0,label,21
-78,CR,0.625,1,no_label,21
-78,CR,0.625,1,label,19
-78,CR,0.625,2,no_label,19
-78,CR,0.625,2,label,17
-78,CR,0.625,3,no_label,17
-78,CR,0.625,3,label,15
-78,CR,0.625,4,no_label,15
-78,CR,0.625,4,label,14
-78,CR,0.625,5,no_label,13
-78,CR,0.625,5,label,12
-78,CR,0.625,6,no_label,11
-78,CR,0.625,6,label,10
-78,CR,0.625,7,no_label,9
-78,CR,0.625,7,label,8
-77,CR,0.625,0,label,20
-77,CR,0.625,0,no_label,22
-77,CR,0.625,1,label,20
-77,CR,0.625,1,no_label,20
-77,CR,0.625,2,label,18
-77,CR,0.625,2,no_label,18
-77,CR,0.625,3,label,16
-77,CR,0.625,3,no_label,16
-77,CR,0.625,4,label,14
-77,CR,0.625,4,no_label,14
-77,CR,0.625,5,label,12
-77,CR,0.625,5,no_label,11
-77,CR,0.625,6,label,10
-77,CR,0.625,6,no_label,9
-77,CR,0.625,7,label,8
-77,CR,0.625,7,no_label,7
-76,CR,0.625,0,no_label,21
-76,CR,0.625,0,label,23
-76,CR,0.625,1,no_label,21
-76,CR,0.625,1,label,21
-76,CR,0.625,2,no_label,19
-76,CR,0.625,2,label,19
-76,CR,0.625,3,no_label,17
-76,CR,0.625,3,label,17
-76,CR,0.625,4,no_label,15
-76,CR,0.625,4,label,14
-76,CR,0.625,5,no_label,13
-76,CR,0.625,5,label,12
-76,CR,0.625,6,no_label,11
-76,CR,0.625,6,label,10
-76,CR,0.625,7,no_label,8
-76,CR,0.625,7,label,8
-75,CR,0.625,0,label,22
-75,CR,0.625,0,no_label,20
-75,CR,0.625,1,label,20
-75,CR,0.625,1,no_label,18
-75,CR,0.625,2,label,18
-75,CR,0.625,2,no_label,16
-75,CR,0.625,3,label,16
-75,CR,0.625,3,no_label,14
-75,CR,0.625,4,label,14
-75,CR,0.625,4,no_label,12
-75,CR,0.625,5,label,11
-75,CR,0.625,5,no_label,10
-75,CR,0.625,6,label,9
-75,CR,0.625,6,no_label,8
-75,CR,0.625,7,label,7
-75,CR,0.625,7,no_label,6
-74,CR,0.625,0,no_label,22
-74,CR,0.625,0,label,22
-74,CR,0.625,1,no_label,21
-74,CR,0.625,1,label,20
-74,CR,0.625,2,no_label,19
-74,CR,0.625,2,label,18
-74,CR,0.625,3,no_label,17
-74,CR,0.625,3,label,16
-74,CR,0.625,4,no_label,15
-74,CR,0.625,4,label,14
-74,CR,0.625,5,no_label,13
-74,CR,0.625,5,label,12
-74,CR,0.625,6,no_label,11
-74,CR,0.625,6,label,10
-74,CR,0.625,7,no_label,9
-74,CR,0.625,7,label,8
-73,CR,0.625,0,label,21
-73,CR,0.625,0,no_label,22
-73,CR,0.625,1,label,20
-73,CR,0.625,1,no_label,20
-73,CR,0.625,2,label,18
-73,CR,0.625,2,no_label,18
-73,CR,0.625,3,label,16
-73,CR,0.625,3,no_label,16
-73,CR,0.625,4,label,14
-73,CR,0.625,4,no_label,14
-73,CR,0.625,5,label,12
-73,CR,0.625,5,no_label,11
-73,CR,0.625,6,label,10
-73,CR,0.625,6,no_label,9
-73,CR,0.625,7,label,8
-73,CR,0.625,7,no_label,7
-72,CR,0.5,0,no_label,22
-72,CR,0.5,0,label,23
-72,CR,0.5,1,no_label,21
-72,CR,0.5,1,label,21
-72,CR,0.5,2,no_label,19
-72,CR,0.5,2,label,18
-72,CR,0.5,3,no_label,17
-72,CR,0.5,3,label,16
-72,CR,0.5,4,no_label,15
-72,CR,0.5,4,label,14
-72,CR,0.5,5,no_label,13
-72,CR,0.5,5,label,12
-72,CR,0.5,6,no_label,11
-72,CR,0.5,6,label,10
-72,CR,0.5,7,no_label,8
-72,CR,0.5,7,label,7
-71,CR,0.5,0,label,21
-71,CR,0.5,0,no_label,22
-71,CR,0.5,1,label,21
-71,CR,0.5,1,no_label,21
-71,CR,0.5,2,label,19
-71,CR,0.5,2,no_label,19
-71,CR,0.5,3,label,17
-71,CR,0.5,3,no_label,17
-71,CR,0.5,4,label,16
-71,CR,0.5,4,no_label,15
-71,CR,0.5,5,label,14
-71,CR,0.5,5,no_label,13
-71,CR,0.5,6,label,12
-71,CR,0.5,6,no_label,11
-71,CR,0.5,7,label,10
-71,CR,0.5,7,no_label,9
-70,CR,0.5,0,no_label,21
-70,CR,0.5,0,label,22
-70,CR,0.5,1,no_label,21
-70,CR,0.5,1,label,20
-70,CR,0.5,2,no_label,19
-70,CR,0.5,2,label,18
-70,CR,0.5,3,no_label,17
-70,CR,0.5,3,label,16
-70,CR,0.5,4,no_label,15
-70,CR,0.5,4,label,14
-70,CR,0.5,5,no_label,13
-70,CR,0.5,5,label,12
-70,CR,0.5,6,no_label,11
-70,CR,0.5,6,label,10
-70,CR,0.5,7,no_label,9
-70,CR,0.5,7,label,8
-69,CR,0.5,0,label,23
-69,CR,0.5,0,no_label,22
-69,CR,0.5,1,label,22
-69,CR,0.5,1,no_label,21
-69,CR,0.5,2,label,21
-69,CR,0.5,2,no_label,19
-69,CR,0.5,3,label,19
-69,CR,0.5,3,no_label,17
-69,CR,0.5,4,label,17
-69,CR,0.5,4,no_label,15
-69,CR,0.5,5,label,15
-69,CR,0.5,5,no_label,13
-69,CR,0.5,6,label,13
-69,CR,0.5,6,no_label,11
-69,CR,0.5,7,label,10
-69,CR,0.5,7,no_label,9
-68,CR,0.5,0,no_label,21
-68,CR,0.5,0,label,23
-68,CR,0.5,1,no_label,21
-68,CR,0.5,1,label,21
-68,CR,0.5,2,no_label,19
-68,CR,0.5,2,label,20
-68,CR,0.5,3,no_label,17
-68,CR,0.5,3,label,18
-68,CR,0.5,4,no_label,16
-68,CR,0.5,4,label,16
-68,CR,0.5,5,no_label,14
-68,CR,0.5,5,label,14
-68,CR,0.5,6,no_label,12
-68,CR,0.5,6,label,12
-68,CR,0.5,7,no_label,10
-68,CR,0.5,7,label,10
-67,CR,0.5,0,label,20
-67,CR,0.5,0,no_label,20
-67,CR,0.5,1,label,20
-67,CR,0.5,1,no_label,19
-67,CR,0.5,2,label,19
-67,CR,0.5,2,no_label,18
-67,CR,0.5,3,label,18
-67,CR,0.5,3,no_label,16
-67,CR,0.5,4,label,16
-67,CR,0.5,4,no_label,14
-67,CR,0.5,5,label,14
-67,CR,0.5,5,no_label,12
-67,CR,0.5,6,label,12
-67,CR,0.5,6,no_label,10
-67,CR,0.5,7,label,10
-67,CR,0.5,7,no_label,9
-66,CR,0.5,0,no_label,22
-66,CR,0.5,0,label,22
-66,CR,0.5,1,no_label,22
-66,CR,0.5,1,label,20
-66,CR,0.5,2,no_label,19
-66,CR,0.5,2,label,18
-66,CR,0.5,3,no_label,17
-66,CR,0.5,3,label,15
-66,CR,0.5,4,no_label,14
-66,CR,0.5,4,label,13
-66,CR,0.5,5,no_label,12
-66,CR,0.5,5,label,10
-66,CR,0.5,6,no_label,10
-66,CR,0.5,6,label,8
-66,CR,0.5,7,no_label,7
-66,CR,0.5,7,label,6
-65,CR,0.5,0,label,22
-65,CR,0.5,0,no_label,21
-65,CR,0.5,1,label,21
-65,CR,0.5,1,no_label,20
-65,CR,0.5,2,label,19
-65,CR,0.5,2,no_label,18
-65,CR,0.5,3,label,18
-65,CR,0.5,3,no_label,16
-65,CR,0.5,4,label,15
-65,CR,0.5,4,no_label,14
-65,CR,0.5,5,label,13
-65,CR,0.5,5,no_label,12
-65,CR,0.5,6,label,11
-65,CR,0.5,6,no_label,10
-65,CR,0.5,7,label,9
-65,CR,0.5,7,no_label,8
-64,CR,0.5,0,no_label,23
-64,CR,0.5,0,label,22
-64,CR,0.5,1,no_label,21
-64,CR,0.5,1,label,21
-64,CR,0.5,2,no_label,19
-64,CR,0.5,2,label,18
-64,CR,0.5,3,no_label,16
-64,CR,0.5,3,label,16
-64,CR,0.5,4,no_label,14
-64,CR,0.5,4,label,14
-64,CR,0.5,5,no_label,12
-64,CR,0.5,5,label,12
-64,CR,0.5,6,no_label,10
-64,CR,0.5,6,label,10
-64,CR,0.5,7,no_label,8
-64,CR,0.5,7,label,8
-63,CR,0.5,0,label,23
-63,CR,0.5,0,no_label,21
-63,CR,0.5,1,label,22
-63,CR,0.5,1,no_label,19
-63,CR,0.5,2,label,20
-63,CR,0.5,2,no_label,17
-63,CR,0.5,3,label,17
-63,CR,0.5,3,no_label,15
-63,CR,0.5,4,label,15
-63,CR,0.5,4,no_label,13
-63,CR,0.5,5,label,13
-63,CR,0.5,5,no_label,11
-63,CR,0.5,6,label,10
-63,CR,0.5,6,no_label,8
-63,CR,0.5,7,label,8
-63,CR,0.5,7,no_label,6
-62,CR,0.5,0,no_label,20
-62,CR,0.5,0,label,21
-62,CR,0.5,1,no_label,19
-62,CR,0.5,1,label,20
-62,CR,0.5,2,no_label,18
-62,CR,0.5,2,label,18
-62,CR,0.5,3,no_label,16
-62,CR,0.5,3,label,16
-62,CR,0.5,4,no_label,14
-62,CR,0.5,4,label,14
-62,CR,0.5,5,no_label,12
-62,CR,0.5,5,label,12
-62,CR,0.5,6,no_label,10
-62,CR,0.5,6,label,10
-62,CR,0.5,7,no_label,8
-62,CR,0.5,7,label,8
-61,CR,0.5,0,label,22
-61,CR,0.5,0,no_label,21
-61,CR,0.5,1,label,20
-61,CR,0.5,1,no_label,19
-61,CR,0.5,2,label,18
-61,CR,0.5,2,no_label,17
-61,CR,0.5,3,label,16
-61,CR,0.5,3,no_label,15
-61,CR,0.5,4,label,14
-61,CR,0.5,4,no_label,13
-61,CR,0.5,5,label,12
-61,CR,0.5,5,no_label,10
-61,CR,0.5,6,label,10
-61,CR,0.5,6,no_label,8
-61,CR,0.5,7,label,7
-61,CR,0.5,7,no_label,6
-60,CR,0.5,0,no_label,21
-60,CR,0.5,0,label,22
-60,CR,0.5,1,no_label,20
-60,CR,0.5,1,label,21
-60,CR,0.5,2,no_label,18
-60,CR,0.5,2,label,18
-60,CR,0.5,3,no_label,16
-60,CR,0.5,3,label,16
-60,CR,0.5,4,no_label,14
-60,CR,0.5,4,label,14
-60,CR,0.5,5,no_label,12
-60,CR,0.5,5,label,12
-60,CR,0.5,6,no_label,10
-60,CR,0.5,6,label,10
-60,CR,0.5,7,no_label,8
-60,CR,0.5,7,label,8
-59,CR,0.5,0,label,23
-59,CR,0.5,0,no_label,20
-59,CR,0.5,1,label,22
-59,CR,0.5,1,no_label,19
-59,CR,0.5,2,label,20
-59,CR,0.5,2,no_label,17
-59,CR,0.5,3,label,18
-59,CR,0.5,3,no_label,15
-59,CR,0.5,4,label,16
-59,CR,0.5,4,no_label,13
-59,CR,0.5,5,label,14
-59,CR,0.5,5,no_label,12
-59,CR,0.5,6,label,12
-59,CR,0.5,6,no_label,10
-59,CR,0.5,7,label,10
-59,CR,0.5,7,no_label,8
-58,CR,0.5,0,no_label,21
-58,CR,0.5,0,label,22
-58,CR,0.5,1,no_label,22
-58,CR,0.5,1,label,20
-58,CR,0.5,2,no_label,20
-58,CR,0.5,2,label,18
-58,CR,0.5,3,no_label,18
-58,CR,0.5,3,label,16
-58,CR,0.5,4,no_label,16
-58,CR,0.5,4,label,14
-58,CR,0.5,5,no_label,13
-58,CR,0.5,5,label,12
-58,CR,0.5,6,no_label,11
-58,CR,0.5,6,label,10
-58,CR,0.5,7,no_label,9
-58,CR,0.5,7,label,8
-57,CR,0.5,0,label,23
-57,CR,0.5,0,no_label,22
-57,CR,0.5,1,label,22
-57,CR,0.5,1,no_label,20
-57,CR,0.5,2,label,20
-57,CR,0.5,2,no_label,18
-57,CR,0.5,3,label,18
-57,CR,0.5,3,no_label,16
-57,CR,0.5,4,label,16
-57,CR,0.5,4,no_label,14
-57,CR,0.5,5,label,13
-57,CR,0.5,5,no_label,12
-57,CR,0.5,6,label,11
-57,CR,0.5,6,no_label,10
-57,CR,0.5,7,label,9
-57,CR,0.5,7,no_label,8
-56,CR,0.5,0,no_label,22
-56,CR,0.5,0,label,20
-56,CR,0.5,1,no_label,22
-56,CR,0.5,1,label,19
-56,CR,0.5,2,no_label,20
-56,CR,0.5,2,label,17
-56,CR,0.5,3,no_label,18
-56,CR,0.5,3,label,15
-56,CR,0.5,4,no_label,16
-56,CR,0.5,4,label,13
-56,CR,0.5,5,no_label,13
-56,CR,0.5,5,label,11
-56,CR,0.5,6,no_label,11
-56,CR,0.5,6,label,9
-56,CR,0.5,7,no_label,9
-56,CR,0.5,7,label,6
-55,CR,0.5,0,label,21
-55,CR,0.5,0,no_label,22
-55,CR,0.5,1,label,21
-55,CR,0.5,1,no_label,20
-55,CR,0.5,2,label,20
-55,CR,0.5,2,no_label,19
-55,CR,0.5,3,label,18
-55,CR,0.5,3,no_label,17
-55,CR,0.5,4,label,16
-55,CR,0.5,4,no_label,15
-55,CR,0.5,5,label,14
-55,CR,0.5,5,no_label,13
-55,CR,0.5,6,label,12
-55,CR,0.5,6,no_label,11
-55,CR,0.5,7,label,10
-55,CR,0.5,7,no_label,9
-54,CR,0.5,0,no_label,22
-54,CR,0.5,0,label,22
-54,CR,0.5,1,no_label,22
-54,CR,0.5,1,label,20
-54,CR,0.5,2,no_label,20
-54,CR,0.5,2,label,18
-54,CR,0.5,3,no_label,17
-54,CR,0.5,3,label,16
-54,CR,0.5,4,no_label,15
-54,CR,0.5,4,label,14
-54,CR,0.5,5,no_label,13
-54,CR,0.5,5,label,12
-54,CR,0.5,6,no_label,11
-54,CR,0.5,6,label,9
-54,CR,0.5,7,no_label,8
-54,CR,0.5,7,label,7
-53,CR,0.5,0,label,22
-53,CR,0.5,0,no_label,21
-53,CR,0.5,1,label,21
-53,CR,0.5,1,no_label,19
-53,CR,0.5,2,label,19
-53,CR,0.5,2,no_label,17
-53,CR,0.5,3,label,17
-53,CR,0.5,3,no_label,15
-53,CR,0.5,4,label,15
-53,CR,0.5,4,no_label,13
-53,CR,0.5,5,label,13
-53,CR,0.5,5,no_label,11
-53,CR,0.5,6,label,11
-53,CR,0.5,6,no_label,10
-53,CR,0.5,7,label,9
-53,CR,0.5,7,no_label,8
-52,CR,0.5,0,no_label,22
-52,CR,0.5,0,label,22
-52,CR,0.5,1,no_label,22
-52,CR,0.5,1,label,20
-52,CR,0.5,2,no_label,20
-52,CR,0.5,2,label,18
-52,CR,0.5,3,no_label,17
-52,CR,0.5,3,label,15
-52,CR,0.5,4,no_label,15
-52,CR,0.5,4,label,13
-52,CR,0.5,5,no_label,12
-52,CR,0.5,5,label,11
-52,CR,0.5,6,no_label,10
-52,CR,0.5,6,label,8
-52,CR,0.5,7,no_label,8
-52,CR,0.5,7,label,6
-51,CR,0.5,0,label,20
-51,CR,0.5,0,no_label,21
-51,CR,0.5,1,label,20
-51,CR,0.5,1,no_label,20
-51,CR,0.5,2,label,19
-51,CR,0.5,2,no_label,18
-51,CR,0.5,3,label,17
-51,CR,0.5,3,no_label,16
-51,CR,0.5,4,label,15
-51,CR,0.5,4,no_label,14
-51,CR,0.5,5,label,13
-51,CR,0.5,5,no_label,12
-51,CR,0.5,6,label,11
-51,CR,0.5,6,no_label,10
-51,CR,0.5,7,label,10
-51,CR,0.5,7,no_label,8
-50,CR,0.5,0,no_label,22
-50,CR,0.5,0,label,23
-50,CR,0.5,1,no_label,21
-50,CR,0.5,1,label,21
-50,CR,0.5,2,no_label,19
-50,CR,0.5,2,label,19
-50,CR,0.5,3,no_label,17
-50,CR,0.5,3,label,17
-50,CR,0.5,4,no_label,15
-50,CR,0.5,4,label,14
-50,CR,0.5,5,no_label,13
-50,CR,0.5,5,label,12
-50,CR,0.5,6,no_label,10
-50,CR,0.5,6,label,10
-50,CR,0.5,7,no_label,8
-50,CR,0.5,7,label,8
-49,CR,0.5,0,label,20
-49,CR,0.5,0,no_label,22
-49,CR,0.5,1,label,21
-49,CR,0.5,1,no_label,21
-49,CR,0.5,2,label,20
-49,CR,0.5,2,no_label,19
-49,CR,0.5,3,label,18
-49,CR,0.5,3,no_label,17
-49,CR,0.5,4,label,16
-49,CR,0.5,4,no_label,15
-49,CR,0.5,5,label,14
-49,CR,0.5,5,no_label,13
-49,CR,0.5,6,label,12
-49,CR,0.5,6,no_label,11
-49,CR,0.5,7,label,10
-49,CR,0.5,7,no_label,9
-48,CR,0.375,0,no_label,22
-48,CR,0.375,0,label,23
-48,CR,0.375,1,no_label,21
-48,CR,0.375,1,label,21
-48,CR,0.375,2,no_label,19
-48,CR,0.375,2,label,18
-48,CR,0.375,3,no_label,17
-48,CR,0.375,3,label,16
-48,CR,0.375,4,no_label,15
-48,CR,0.375,4,label,14
-48,CR,0.375,5,no_label,13
-48,CR,0.375,5,label,12
-48,CR,0.375,6,no_label,11
-48,CR,0.375,6,label,10
-48,CR,0.375,7,no_label,8
-48,CR,0.375,7,label,7
-47,CR,0.375,0,label,21
-47,CR,0.375,0,no_label,22
-47,CR,0.375,1,label,21
-47,CR,0.375,1,no_label,21
-47,CR,0.375,2,label,19
-47,CR,0.375,2,no_label,19
-47,CR,0.375,3,label,17
-47,CR,0.375,3,no_label,17
-47,CR,0.375,4,label,16
-47,CR,0.375,4,no_label,15
-47,CR,0.375,5,label,14
-47,CR,0.375,5,no_label,13
-47,CR,0.375,6,label,12
-47,CR,0.375,6,no_label,11
-47,CR,0.375,7,label,10
-47,CR,0.375,7,no_label,9
-46,CR,0.375,0,no_label,21
-46,CR,0.375,0,label,22
-46,CR,0.375,1,no_label,21
-46,CR,0.375,1,label,20
-46,CR,0.375,2,no_label,19
-46,CR,0.375,2,label,18
-46,CR,0.375,3,no_label,17
-46,CR,0.375,3,label,16
-46,CR,0.375,4,no_label,15
-46,CR,0.375,4,label,14
-46,CR,0.375,5,no_label,13
-46,CR,0.375,5,label,12
-46,CR,0.375,6,no_label,11
-46,CR,0.375,6,label,10
-46,CR,0.375,7,no_label,9
-46,CR,0.375,7,label,8
-45,CR,0.375,0,label,23
-45,CR,0.375,0,no_label,22
-45,CR,0.375,1,label,22
-45,CR,0.375,1,no_label,21
-45,CR,0.375,2,label,21
-45,CR,0.375,2,no_label,19
-45,CR,0.375,3,label,19
-45,CR,0.375,3,no_label,17
-45,CR,0.375,4,label,17
-45,CR,0.375,4,no_label,15
-45,CR,0.375,5,label,15
-45,CR,0.375,5,no_label,13
-45,CR,0.375,6,label,13
-45,CR,0.375,6,no_label,11
-45,CR,0.375,7,label,10
-45,CR,0.375,7,no_label,9
-44,CR,0.375,0,no_label,21
-44,CR,0.375,0,label,23
-44,CR,0.375,1,no_label,21
-44,CR,0.375,1,label,21
-44,CR,0.375,2,no_label,19
-44,CR,0.375,2,label,20
-44,CR,0.375,3,no_label,17
-44,CR,0.375,3,label,18
-44,CR,0.375,4,no_label,16
-44,CR,0.375,4,label,16
-44,CR,0.375,5,no_label,14
-44,CR,0.375,5,label,14
-44,CR,0.375,6,no_label,12
-44,CR,0.375,6,label,12
-44,CR,0.375,7,no_label,10
-44,CR,0.375,7,label,10
-43,CR,0.375,0,label,20
-43,CR,0.375,0,no_label,20
-43,CR,0.375,1,label,20
-43,CR,0.375,1,no_label,19
-43,CR,0.375,2,label,19
-43,CR,0.375,2,no_label,18
-43,CR,0.375,3,label,18
-43,CR,0.375,3,no_label,16
-43,CR,0.375,4,label,16
-43,CR,0.375,4,no_label,14
-43,CR,0.375,5,label,14
-43,CR,0.375,5,no_label,12
-43,CR,0.375,6,label,12
-43,CR,0.375,6,no_label,10
-43,CR,0.375,7,label,10
-43,CR,0.375,7,no_label,9
-42,CR,0.375,0,no_label,22
-42,CR,0.375,0,label,22
-42,CR,0.375,1,no_label,22
-42,CR,0.375,1,label,20
-42,CR,0.375,2,no_label,19
-42,CR,0.375,2,label,18
-42,CR,0.375,3,no_label,17
-42,CR,0.375,3,label,15
-42,CR,0.375,4,no_label,14
-42,CR,0.375,4,label,13
-42,CR,0.375,5,no_label,12
-42,CR,0.375,5,label,10
-42,CR,0.375,6,no_label,10
-42,CR,0.375,6,label,8
-42,CR,0.375,7,no_label,7
-42,CR,0.375,7,label,6
-41,CR,0.375,0,label,22
-41,CR,0.375,0,no_label,21
-41,CR,0.375,1,label,21
-41,CR,0.375,1,no_label,20
-41,CR,0.375,2,label,19
-41,CR,0.375,2,no_label,18
-41,CR,0.375,3,label,18
-41,CR,0.375,3,no_label,16
-41,CR,0.375,4,label,15
-41,CR,0.375,4,no_label,14
-41,CR,0.375,5,label,13
-41,CR,0.375,5,no_label,12
-41,CR,0.375,6,label,11
-41,CR,0.375,6,no_label,10
-41,CR,0.375,7,label,9
-41,CR,0.375,7,no_label,8
-40,CR,0.375,0,no_label,23
-40,CR,0.375,0,label,22
-40,CR,0.375,1,no_label,21
-40,CR,0.375,1,label,21
-40,CR,0.375,2,no_label,19
-40,CR,0.375,2,label,18
-40,CR,0.375,3,no_label,16
-40,CR,0.375,3,label,16
-40,CR,0.375,4,no_label,14
-40,CR,0.375,4,label,14
-40,CR,0.375,5,no_label,12
-40,CR,0.375,5,label,12
-40,CR,0.375,6,no_label,10
-40,CR,0.375,6,label,10
-40,CR,0.375,7,no_label,8
-40,CR,0.375,7,label,8
-39,CR,0.375,0,label,23
-39,CR,0.375,0,no_label,21
-39,CR,0.375,1,label,22
-39,CR,0.375,1,no_label,19
-39,CR,0.375,2,label,20
-39,CR,0.375,2,no_label,17
-39,CR,0.375,3,label,17
-39,CR,0.375,3,no_label,15
-39,CR,0.375,4,label,15
-39,CR,0.375,4,no_label,13
-39,CR,0.375,5,label,13
-39,CR,0.375,5,no_label,11
-39,CR,0.375,6,label,10
-39,CR,0.375,6,no_label,8
-39,CR,0.375,7,label,8
-39,CR,0.375,7,no_label,6
-38,CR,0.375,0,no_label,20
-38,CR,0.375,0,label,21
-38,CR,0.375,1,no_label,19
-38,CR,0.375,1,label,20
-38,CR,0.375,2,no_label,18
-38,CR,0.375,2,label,18
-38,CR,0.375,3,no_label,16
-38,CR,0.375,3,label,16
-38,CR,0.375,4,no_label,14
-38,CR,0.375,4,label,14
-38,CR,0.375,5,no_label,12
-38,CR,0.375,5,label,12
-38,CR,0.375,6,no_label,10
-38,CR,0.375,6,label,10
-38,CR,0.375,7,no_label,8
-38,CR,0.375,7,label,8
-37,CR,0.375,0,label,22
-37,CR,0.375,0,no_label,21
-37,CR,0.375,1,label,20
-37,CR,0.375,1,no_label,19
-37,CR,0.375,2,label,18
-37,CR,0.375,2,no_label,17
-37,CR,0.375,3,label,16
-37,CR,0.375,3,no_label,15
-37,CR,0.375,4,label,14
-37,CR,0.375,4,no_label,13
-37,CR,0.375,5,label,12
-37,CR,0.375,5,no_label,10
-37,CR,0.375,6,label,10
-37,CR,0.375,6,no_label,8
-37,CR,0.375,7,label,7
-37,CR,0.375,7,no_label,6
-36,CR,0.375,0,no_label,21
-36,CR,0.375,0,label,22
-36,CR,0.375,1,no_label,20
-36,CR,0.375,1,label,21
-36,CR,0.375,2,no_label,18
-36,CR,0.375,2,label,18
-36,CR,0.375,3,no_label,16
-36,CR,0.375,3,label,16
-36,CR,0.375,4,no_label,14
-36,CR,0.375,4,label,14
-36,CR,0.375,5,no_label,12
-36,CR,0.375,5,label,12
-36,CR,0.375,6,no_label,10
-36,CR,0.375,6,label,10
-36,CR,0.375,7,no_label,8
-36,CR,0.375,7,label,8
-35,CR,0.375,0,label,23
-35,CR,0.375,0,no_label,20
-35,CR,0.375,1,label,22
-35,CR,0.375,1,no_label,19
-35,CR,0.375,2,label,20
-35,CR,0.375,2,no_label,17
-35,CR,0.375,3,label,18
-35,CR,0.375,3,no_label,15
-35,CR,0.375,4,label,16
-35,CR,0.375,4,no_label,13
-35,CR,0.375,5,label,14
-35,CR,0.375,5,no_label,12
-35,CR,0.375,6,label,12
-35,CR,0.375,6,no_label,10
-35,CR,0.375,7,label,10
-35,CR,0.375,7,no_label,8
-34,CR,0.375,0,no_label,21
-34,CR,0.375,0,label,22
-34,CR,0.375,1,no_label,22
-34,CR,0.375,1,label,20
-34,CR,0.375,2,no_label,20
-34,CR,0.375,2,label,18
-34,CR,0.375,3,no_label,18
-34,CR,0.375,3,label,16
-34,CR,0.375,4,no_label,16
-34,CR,0.375,4,label,14
-34,CR,0.375,5,no_label,13
-34,CR,0.375,5,label,12
-34,CR,0.375,6,no_label,11
-34,CR,0.375,6,label,10
-34,CR,0.375,7,no_label,9
-34,CR,0.375,7,label,8
-33,CR,0.375,0,label,23
-33,CR,0.375,0,no_label,22
-33,CR,0.375,1,label,22
-33,CR,0.375,1,no_label,20
-33,CR,0.375,2,label,20
-33,CR,0.375,2,no_label,18
-33,CR,0.375,3,label,18
-33,CR,0.375,3,no_label,16
-33,CR,0.375,4,label,16
-33,CR,0.375,4,no_label,14
-33,CR,0.375,5,label,13
-33,CR,0.375,5,no_label,12
-33,CR,0.375,6,label,11
-33,CR,0.375,6,no_label,10
-33,CR,0.375,7,label,9
-33,CR,0.375,7,no_label,8
-32,CR,0.375,0,no_label,22
-32,CR,0.375,0,label,20
-32,CR,0.375,1,no_label,22
-32,CR,0.375,1,label,19
-32,CR,0.375,2,no_label,20
-32,CR,0.375,2,label,17
-32,CR,0.375,3,no_label,18
-32,CR,0.375,3,label,15
-32,CR,0.375,4,no_label,16
-32,CR,0.375,4,label,13
-32,CR,0.375,5,no_label,13
-32,CR,0.375,5,label,11
-32,CR,0.375,6,no_label,11
-32,CR,0.375,6,label,9
-32,CR,0.375,7,no_label,9
-32,CR,0.375,7,label,6
-31,CR,0.375,0,label,21
-31,CR,0.375,0,no_label,22
-31,CR,0.375,1,label,21
-31,CR,0.375,1,no_label,20
-31,CR,0.375,2,label,20
-31,CR,0.375,2,no_label,19
-31,CR,0.375,3,label,18
-31,CR,0.375,3,no_label,17
-31,CR,0.375,4,label,16
-31,CR,0.375,4,no_label,15
-31,CR,0.375,5,label,14
-31,CR,0.375,5,no_label,13
-31,CR,0.375,6,label,12
-31,CR,0.375,6,no_label,11
-31,CR,0.375,7,label,10
-31,CR,0.375,7,no_label,9
-30,CR,0.375,0,no_label,22
-30,CR,0.375,0,label,22
-30,CR,0.375,1,no_label,22
-30,CR,0.375,1,label,20
-30,CR,0.375,2,no_label,20
-30,CR,0.375,2,label,18
-30,CR,0.375,3,no_label,17
-30,CR,0.375,3,label,16
-30,CR,0.375,4,no_label,15
-30,CR,0.375,4,label,14
-30,CR,0.375,5,no_label,13
-30,CR,0.375,5,label,12
-30,CR,0.375,6,no_label,11
-30,CR,0.375,6,label,9
-30,CR,0.375,7,no_label,8
-30,CR,0.375,7,label,7
-29,CR,0.375,0,label,22
-29,CR,0.375,0,no_label,21
-29,CR,0.375,1,label,21
-29,CR,0.375,1,no_label,19
-29,CR,0.375,2,label,19
-29,CR,0.375,2,no_label,17
-29,CR,0.375,3,label,17
-29,CR,0.375,3,no_label,15
-29,CR,0.375,4,label,15
-29,CR,0.375,4,no_label,13
-29,CR,0.375,5,label,13
-29,CR,0.375,5,no_label,11
-29,CR,0.375,6,label,11
-29,CR,0.375,6,no_label,10
-29,CR,0.375,7,label,9
-29,CR,0.375,7,no_label,8
-28,CR,0.375,0,no_label,22
-28,CR,0.375,0,label,22
-28,CR,0.375,1,no_label,22
-28,CR,0.375,1,label,20
-28,CR,0.375,2,no_label,20
-28,CR,0.375,2,label,18
-28,CR,0.375,3,no_label,17
-28,CR,0.375,3,label,15
-28,CR,0.375,4,no_label,15
-28,CR,0.375,4,label,13
-28,CR,0.375,5,no_label,12
-28,CR,0.375,5,label,11
-28,CR,0.375,6,no_label,10
-28,CR,0.375,6,label,8
-28,CR,0.375,7,no_label,8
-28,CR,0.375,7,label,6
-27,CR,0.375,0,label,20
-27,CR,0.375,0,no_label,21
-27,CR,0.375,1,label,20
-27,CR,0.375,1,no_label,20
-27,CR,0.375,2,label,19
-27,CR,0.375,2,no_label,18
-27,CR,0.375,3,label,17
-27,CR,0.375,3,no_label,16
-27,CR,0.375,4,label,15
-27,CR,0.375,4,no_label,14
-27,CR,0.375,5,label,13
-27,CR,0.375,5,no_label,12
-27,CR,0.375,6,label,11
-27,CR,0.375,6,no_label,10
-27,CR,0.375,7,label,10
-27,CR,0.375,7,no_label,8
-26,CR,0.375,0,no_label,22
-26,CR,0.375,0,label,23
-26,CR,0.375,1,no_label,21
-26,CR,0.375,1,label,21
-26,CR,0.375,2,no_label,19
-26,CR,0.375,2,label,19
-26,CR,0.375,3,no_label,17
-26,CR,0.375,3,label,17
-26,CR,0.375,4,no_label,15
-26,CR,0.375,4,label,14
-26,CR,0.375,5,no_label,13
-26,CR,0.375,5,label,12
-26,CR,0.375,6,no_label,10
-26,CR,0.375,6,label,10
-26,CR,0.375,7,no_label,8
-26,CR,0.375,7,label,8
-25,CR,0.375,0,label,20
-25,CR,0.375,0,no_label,22
-25,CR,0.375,1,label,21
-25,CR,0.375,1,no_label,21
-25,CR,0.375,2,label,20
-25,CR,0.375,2,no_label,19
-25,CR,0.375,3,label,18
-25,CR,0.375,3,no_label,17
-25,CR,0.375,4,label,16
-25,CR,0.375,4,no_label,15
-25,CR,0.375,5,label,14
-25,CR,0.375,5,no_label,13
-25,CR,0.375,6,label,12
-25,CR,0.375,6,no_label,11
-25,CR,0.375,7,label,10
-25,CR,0.375,7,no_label,9
-24,CR,0.25,0,no_label,21
-24,CR,0.25,0,label,23
-24,CR,0.25,1,no_label,21
-24,CR,0.25,1,label,21
-24,CR,0.25,2,no_label,19
-24,CR,0.25,2,label,19
-24,CR,0.25,3,no_label,17
-24,CR,0.25,3,label,16
-24,CR,0.25,4,no_label,15
-24,CR,0.25,4,label,14
-24,CR,0.25,5,no_label,13
-24,CR,0.25,5,label,12
-24,CR,0.25,6,no_label,10
-24,CR,0.25,6,label,10
-24,CR,0.25,7,no_label,8
-24,CR,0.25,7,label,8
-23,CR,0.25,0,label,22
-23,CR,0.25,0,no_label,23
-23,CR,0.25,1,label,22
-23,CR,0.25,1,no_label,21
-23,CR,0.25,2,label,20
-23,CR,0.25,2,no_label,19
-23,CR,0.25,3,label,18
-23,CR,0.25,3,no_label,17
-23,CR,0.25,4,label,16
-23,CR,0.25,4,no_label,15
-23,CR,0.25,5,label,14
-23,CR,0.25,5,no_label,13
-23,CR,0.25,6,label,12
-23,CR,0.25,6,no_label,11
-23,CR,0.25,7,label,10
-23,CR,0.25,7,no_label,8
-22,CR,0.25,0,no_label,20
-22,CR,0.25,0,label,23
-22,CR,0.25,1,no_label,20
-22,CR,0.25,1,label,21
-22,CR,0.25,2,no_label,18
-22,CR,0.25,2,label,19
-22,CR,0.25,3,no_label,16
-22,CR,0.25,3,label,17
-22,CR,0.25,4,no_label,14
-22,CR,0.25,4,label,15
-22,CR,0.25,5,no_label,13
-22,CR,0.25,5,label,13
-22,CR,0.25,6,no_label,11
-22,CR,0.25,6,label,11
-22,CR,0.25,7,no_label,9
-22,CR,0.25,7,label,9
-21,CR,0.25,0,label,20
-21,CR,0.25,0,no_label,22
-21,CR,0.25,1,label,20
-21,CR,0.25,1,no_label,20
-21,CR,0.25,2,label,19
-21,CR,0.25,2,no_label,19
-21,CR,0.25,3,label,17
-21,CR,0.25,3,no_label,17
-21,CR,0.25,4,label,16
-21,CR,0.25,4,no_label,15
-21,CR,0.25,5,label,14
-21,CR,0.25,5,no_label,13
-21,CR,0.25,6,label,12
-21,CR,0.25,6,no_label,12
-21,CR,0.25,7,label,10
-21,CR,0.25,7,no_label,10
-20,CR,0.25,0,no_label,23
-20,CR,0.25,0,label,22
-20,CR,0.25,1,no_label,21
-20,CR,0.25,1,label,20
-20,CR,0.25,2,no_label,19
-20,CR,0.25,2,label,17
-20,CR,0.25,3,no_label,17
-20,CR,0.25,3,label,15
-20,CR,0.25,4,no_label,14
-20,CR,0.25,4,label,13
-20,CR,0.25,5,no_label,12
-20,CR,0.25,5,label,11
-20,CR,0.25,6,no_label,10
-20,CR,0.25,6,label,9
-20,CR,0.25,7,no_label,8
-20,CR,0.25,7,label,6
-19,CR,0.25,0,label,21
-19,CR,0.25,0,no_label,22
-19,CR,0.25,1,label,21
-19,CR,0.25,1,no_label,20
-19,CR,0.25,2,label,19
-19,CR,0.25,2,no_label,18
-19,CR,0.25,3,label,17
-19,CR,0.25,3,no_label,16
-19,CR,0.25,4,label,15
-19,CR,0.25,4,no_label,14
-19,CR,0.25,5,label,12
-19,CR,0.25,5,no_label,12
-19,CR,0.25,6,label,10
-19,CR,0.25,6,no_label,9
-19,CR,0.25,7,label,8
-19,CR,0.25,7,no_label,8
-18,CR,0.25,0,no_label,20
-18,CR,0.25,0,label,22
-18,CR,0.25,1,no_label,21
-18,CR,0.25,1,label,20
-18,CR,0.25,2,no_label,19
-18,CR,0.25,2,label,18
-18,CR,0.25,3,no_label,17
-18,CR,0.25,3,label,16
-18,CR,0.25,4,no_label,15
-18,CR,0.25,4,label,14
-18,CR,0.25,5,no_label,13
-18,CR,0.25,5,label,12
-18,CR,0.25,6,no_label,11
-18,CR,0.25,6,label,10
-18,CR,0.25,7,no_label,9
-18,CR,0.25,7,label,8
-17,CR,0.25,0,label,22
-17,CR,0.25,0,no_label,22
-17,CR,0.25,1,label,21
-17,CR,0.25,1,no_label,20
-17,CR,0.25,2,label,19
-17,CR,0.25,2,no_label,18
-17,CR,0.25,3,label,17
-17,CR,0.25,3,no_label,16
-17,CR,0.25,4,label,15
-17,CR,0.25,4,no_label,14
-17,CR,0.25,5,label,13
-17,CR,0.25,5,no_label,12
-17,CR,0.25,6,label,11
-17,CR,0.25,6,no_label,10
-17,CR,0.25,7,label,9
-17,CR,0.25,7,no_label,8
-16,CR,0.25,0,no_label,24
-16,CR,0.25,0,label,21
-16,CR,0.25,1,no_label,22
-16,CR,0.25,1,label,20
-16,CR,0.25,2,no_label,20
-16,CR,0.25,2,label,18
-16,CR,0.25,3,no_label,18
-16,CR,0.25,3,label,16
-16,CR,0.25,4,no_label,16
-16,CR,0.25,4,label,14
-16,CR,0.25,5,no_label,14
-16,CR,0.25,5,label,12
-16,CR,0.25,6,no_label,11
-16,CR,0.25,6,label,10
-16,CR,0.25,7,no_label,9
-16,CR,0.25,7,label,8
-15,CR,0.25,0,label,21
-15,CR,0.25,0,no_label,23
-15,CR,0.25,1,label,21
-15,CR,0.25,1,no_label,21
-15,CR,0.25,2,label,19
-15,CR,0.25,2,no_label,19
-15,CR,0.25,3,label,17
-15,CR,0.25,3,no_label,17
-15,CR,0.25,4,label,15
-15,CR,0.25,4,no_label,15
-15,CR,0.25,5,label,13
-15,CR,0.25,5,no_label,13
-15,CR,0.25,6,label,11
-15,CR,0.25,6,no_label,11
-15,CR,0.25,7,label,10
-15,CR,0.25,7,no_label,9
-14,CR,0.25,0,no_label,23
-14,CR,0.25,0,label,22
-14,CR,0.25,1,no_label,22
-14,CR,0.25,1,label,20
-14,CR,0.25,2,no_label,20
-14,CR,0.25,2,label,18
-14,CR,0.25,3,no_label,18
-14,CR,0.25,3,label,16
-14,CR,0.25,4,no_label,15
-14,CR,0.25,4,label,14
-14,CR,0.25,5,no_label,13
-14,CR,0.25,5,label,12
-14,CR,0.25,6,no_label,11
-14,CR,0.25,6,label,10
-14,CR,0.25,7,no_label,9
-14,CR,0.25,7,label,8
-13,CR,0.25,0,label,21
-13,CR,0.25,0,no_label,22
-13,CR,0.25,1,label,21
-13,CR,0.25,1,no_label,20
-13,CR,0.25,2,label,19
-13,CR,0.25,2,no_label,18
-13,CR,0.25,3,label,17
-13,CR,0.25,3,no_label,16
-13,CR,0.25,4,label,15
-13,CR,0.25,4,no_label,14
-13,CR,0.25,5,label,13
-13,CR,0.25,5,no_label,12
-13,CR,0.25,6,label,11
-13,CR,0.25,6,no_label,10
-13,CR,0.25,7,label,9
-13,CR,0.25,7,no_label,8
-12,CR,0.25,0,no_label,22
-12,CR,0.25,0,label,24
-12,CR,0.25,1,no_label,22
-12,CR,0.25,1,label,22
-12,CR,0.25,2,no_label,20
-12,CR,0.25,2,label,19
-12,CR,0.25,3,no_label,17
-12,CR,0.25,3,label,17
-12,CR,0.25,4,no_label,15
-12,CR,0.25,4,label,14
-12,CR,0.25,5,no_label,13
-12,CR,0.25,5,label,12
-12,CR,0.25,6,no_label,10
-12,CR,0.25,6,label,10
-12,CR,0.25,7,no_label,8
-12,CR,0.25,7,label,7
-11,CR,0.25,0,label,21
-11,CR,0.25,0,no_label,22
-11,CR,0.25,1,label,21
-11,CR,0.25,1,no_label,20
-11,CR,0.25,2,label,19
-11,CR,0.25,2,no_label,18
-11,CR,0.25,3,label,17
-11,CR,0.25,3,no_label,16
-11,CR,0.25,4,label,15
-11,CR,0.25,4,no_label,14
-11,CR,0.25,5,label,13
-11,CR,0.25,5,no_label,12
-11,CR,0.25,6,label,11
-11,CR,0.25,6,no_label,9
-11,CR,0.25,7,label,8
-11,CR,0.25,7,no_label,7
-10,CR,0.25,0,no_label,21
-10,CR,0.25,0,label,24
-10,CR,0.25,1,no_label,21
-10,CR,0.25,1,label,21
-10,CR,0.25,2,no_label,19
-10,CR,0.25,2,label,19
-10,CR,0.25,3,no_label,17
-10,CR,0.25,3,label,17
-10,CR,0.25,4,no_label,15
-10,CR,0.25,4,label,15
-10,CR,0.25,5,no_label,13
-10,CR,0.25,5,label,12
-10,CR,0.25,6,no_label,11
-10,CR,0.25,6,label,10
-10,CR,0.25,7,no_label,9
-10,CR,0.25,7,label,8
-9,CR,0.25,0,label,22
-9,CR,0.25,0,no_label,20
-9,CR,0.25,1,label,22
-9,CR,0.25,1,no_label,19
-9,CR,0.25,2,label,20
-9,CR,0.25,2,no_label,17
-9,CR,0.25,3,label,18
-9,CR,0.25,3,no_label,15
-9,CR,0.25,4,label,16
-9,CR,0.25,4,no_label,13
-9,CR,0.25,5,label,14
-9,CR,0.25,5,no_label,12
-9,CR,0.25,6,label,12
-9,CR,0.25,6,no_label,10
-9,CR,0.25,7,label,10
-9,CR,0.25,7,no_label,8
-8,CR,0.25,0,no_label,21
-8,CR,0.25,0,label,23
-8,CR,0.25,1,no_label,21
-8,CR,0.25,1,label,21
-8,CR,0.25,2,no_label,19
-8,CR,0.25,2,label,19
-8,CR,0.25,3,no_label,17
-8,CR,0.25,3,label,17
-8,CR,0.25,4,no_label,15
-8,CR,0.25,4,label,15
-8,CR,0.25,5,no_label,13
-8,CR,0.25,5,label,12
-8,CR,0.25,6,no_label,11
-8,CR,0.25,6,label,10
-8,CR,0.25,7,no_label,9
-8,CR,0.25,7,label,8
-7,CR,0.25,0,label,23
-7,CR,0.25,0,no_label,22
-7,CR,0.25,1,label,22
-7,CR,0.25,1,no_label,20
-7,CR,0.25,2,label,19
-7,CR,0.25,2,no_label,18
-7,CR,0.25,3,label,17
-7,CR,0.25,3,no_label,15
-7,CR,0.25,4,label,14
-7,CR,0.25,4,no_label,13
-7,CR,0.25,5,label,12
-7,CR,0.25,5,no_label,11
-7,CR,0.25,6,label,10
-7,CR,0.25,6,no_label,8
-7,CR,0.25,7,label,7
-7,CR,0.25,7,no_label,6
-6,CR,0.25,0,no_label,22
-6,CR,0.25,0,label,22
-6,CR,0.25,1,no_label,21
-6,CR,0.25,1,label,20
-6,CR,0.25,2,no_label,19
-6,CR,0.25,2,label,18
-6,CR,0.25,3,no_label,17
-6,CR,0.25,3,label,16
-6,CR,0.25,4,no_label,15
-6,CR,0.25,4,label,14
-6,CR,0.25,5,no_label,13
-6,CR,0.25,5,label,12
-6,CR,0.25,6,no_label,11
-6,CR,0.25,6,label,10
-6,CR,0.25,7,no_label,9
-6,CR,0.25,7,label,8
-5,CR,0.25,0,label,22
-5,CR,0.25,0,no_label,23
-5,CR,0.25,1,label,23
-5,CR,0.25,1,no_label,21
-5,CR,0.25,2,label,21
-5,CR,0.25,2,no_label,19
-5,CR,0.25,3,label,18
-5,CR,0.25,3,no_label,17
-5,CR,0.25,4,label,16
-5,CR,0.25,4,no_label,15
-5,CR,0.25,5,label,14
-5,CR,0.25,5,no_label,12
-5,CR,0.25,6,label,12
-5,CR,0.25,6,no_label,10
-5,CR,0.25,7,label,9
-5,CR,0.25,7,no_label,8
-4,CR,0.25,0,no_label,23
-4,CR,0.25,0,label,23
-4,CR,0.25,1,no_label,22
-4,CR,0.25,1,label,21
-4,CR,0.25,2,no_label,20
-4,CR,0.25,2,label,19
-4,CR,0.25,3,no_label,18
-4,CR,0.25,3,label,16
-4,CR,0.25,4,no_label,15
-4,CR,0.25,4,label,14
-4,CR,0.25,5,no_label,13
-4,CR,0.25,5,label,11
-4,CR,0.25,6,no_label,10
-4,CR,0.25,6,label,9
-4,CR,0.25,7,no_label,8
-4,CR,0.25,7,label,7
-3,CR,0.25,0,label,22
-3,CR,0.25,0,no_label,22
-3,CR,0.25,1,label,23
-3,CR,0.25,1,no_label,21
-3,CR,0.25,2,label,21
-3,CR,0.25,2,no_label,18
-3,CR,0.25,3,label,18
-3,CR,0.25,3,no_label,16
-3,CR,0.25,4,label,16
-3,CR,0.25,4,no_label,14
-3,CR,0.25,5,label,14
-3,CR,0.25,5,no_label,12
-3,CR,0.25,6,label,11
-3,CR,0.25,6,no_label,10
-3,CR,0.25,7,label,9
-3,CR,0.25,7,no_label,8
-1,CR,0.25,0,label,21
-1,CR,0.25,0,no_label,22
-1,CR,0.25,1,label,21
-1,CR,0.25,1,no_label,21
-1,CR,0.25,2,label,20
-1,CR,0.25,2,no_label,19
-1,CR,0.25,3,label,18
-1,CR,0.25,3,no_label,17
-1,CR,0.25,4,label,16
-1,CR,0.25,4,no_label,15
-1,CR,0.25,5,label,14
-1,CR,0.25,5,no_label,12
-1,CR,0.25,6,label,12
-1,CR,0.25,6,no_label,11
-1,CR,0.25,7,label,10
-1,CR,0.25,7,no_label,9
